{
  "tracker_default": {
    "type": "container",
    "background": "#212121",
    "content": {
      "type": "dock",
      "dropshadow": true,
      "content": [
        {
          "type": "dock",
          "dock": "left",
          "v_alignment": "stretch",
          "margin": "0,0,3,0",
          "content": [
            {
              "type": "group",
              "header": "Items",
              "dock": "top",
              "content": {
                "type": "layout",
                "key": "shared_item_grid"
              }
            },
            {
              "type": "group",
              "header": "Settings",
              "content": {
                "type": "itemgrid",
                "h_alignment": "left",
				"item_size": 64,
                "item_margin": "4,2",
                "rows": [
                  [
                    "shopsanity",
                    "bottlesanity",
                    "cowsanity",
                    "miscsanity"
                  ],
                  [
                    "fairysanity",
                    "tokensanity",
                    "moonsanity",
                    "nutsanity"
                  ],
                  [
                    "woodent",
                    "snowent",
                    "bayent",
                    "stoneent"
                  ]
                ]
              }
            }

          ]
        },
        {
          "type": "dock",
          "content": [
            {
              "type": "map",
              "dock": "top",
              "map": [
				"termina"
              ]
            },
            {
              "type": "group",
              "header": "Pinned Locations",
              "content": {
                "type": "recentpins",
                "style": "wrap",
                "h_alignment": "stretch",
                "v_alignment": "stretch",
                "orientation": "horizontal",
                "compact": true
              }
            }
          ]
        }
      ]
    }
  }
}