[
  {
    "name": "Woodfall Temple",
    "short_name": "WFT", 
    "parent": "Poison Swamp Area",
    "access_rules": [
      "ocarina,sonata,deku"
    ],
    "sections": [
      {
        "name": "Chest in Platform Room - Small Key",
        "chest_unopened_img": "images/system/chest_unopened_big.png",
        "chest_opened_img": "images/system/chest_open_big.png",
        "hosted_item": "woodfall_small_keys",
        "short_name": "Small Key",
        "access_rules": [
          "deku",
          "hookshot"
        ],
        "item_count": 1
      },

      {
        "name": "Dinolfos Mini Boss - Hero's Bow",
        "chest_unopened_img": "images/system/chest_unopened_big.png",
        "chest_opened_img": "images/system/chest_open_big.png",
        "short_name": "Hero's Bow Chest",
        "access_rules": [
          "deku,bow",
          "deku,woodfall_small_keys:1",
		  "hookshot"
        ],
        "capture_item": true,
        "item_count": 1
      },

      {
        "name": "Boss Key Chest",
        "chest_unopened_img": "images/system/chest_golden_closed.png",
        "chest_opened_img": "images/system/chest_golden_open.png",
        "hosted_item": "woodfall_boss_key",
        "short_name": "Boss Key",
        "access_rules": [
          "deku,bow"
        ],
        "item_count": 1
      },

      {
        "name": "Odolwa",
        "hosted_item": "odolwa",
		"chest_unopened_img": "images/system/heartcontainer.png",
    "chest_opened_img": "images/system/heartcontainer_grey.png",
        "access_rules": [
          "woodfall_boss_key,bow,deku",
		  "woodfall_boss_key,bow,hookshot"
        ],
        "capture_item": true,
        "item_count": 1
      },

      {
        "name": "Oath to Order",
		"chest_unopened_img": "images/system/unknownsong.png",
    "chest_opened_img": "images/system/unknownsong_check.png",
    "access_rules": [
      "woodfall_boss_key,bow,deku",
  "woodfall_boss_key,bow,hookshot"
    ],
        "capture_item": true,
        "item_count": 1
      }

    ],
    "map_locations": [
      {
        "map": "termina",
        "x": 542,
        "y": 478
      }
    ]
  },




















/* Snowhead Temple*/

  {
    "name": "Snowhead Temple",
    "short_name": "SHT",
    "access_rules":  [
    ],
    "parent": "Snowhead Area",
    "sections": [


      {
        "name": "Behind Double Blocks - Small Key",
        "hosted_item": "snowhead_small_keys",
        "chest_unopened_img": "images/system/chest_unopened_big.png",
        "chest_opened_img": "images/system/chest_open_big.png",
        "short_name": "Small Key 1",
        "access_rules": [
			"goron,magic",
			"zora"
        ],
        "item_count": 1
      },


      {
        "name": "Icicle Room Snowball - Small Key",
        "hosted_item": "snowhead_small_keys",
        "chest_unopened_img": "images/system/chest_unopened_big.png",
        "chest_opened_img": "images/system/chest_open_big.png",
        "short_name": "Small Key 2",
        "access_rules": [
          "goron,hookshot,$has_explosives,magic",
		  "goron,hookshot,snowhead_small_keys:1,magic",
		  "goron,magic,$has_explosives,snowhead_small_keys:1",
		  "goron,bow,firearrows,magic,snowhead_small_keys:1",
		  "zora,$has_explosives",
		  "zora,bow,firearrows,magic,snowhead_small_keys:1"
        ],
        "item_count": 1
      },

      {
        "name": "Wizrobe Mini Boss - Fire Arrow",
        "chest_unopened_img": "images/system/chest_unopened_big.png",
        "chest_opened_img": "images/system/chest_open_big.png",
        "short_name": "Fire Arrows",
        "access_rules": [
          "goron,bow,firearrows,magic",
		  "goron,hookshot,magic",
		  "goron,$has_explosives,snowhead_small_keys:1,zora,magic",
		  "goron,$has_explosives,snowhead_small_keys:2,magic",
		  "zora,bow,firearrows,magic",
		  "zora,hookshot"
        ],
        "capture_item": true,
        "item_count": 1
      },

      {
        "name": "Kill Freezards in Bridge Room - Small Key",
        "hosted_item": "snowhead_small_keys",
        "chest_unopened_img": "images/system/chest_unopened_big.png",
        "chest_opened_img": "images/system/chest_open_big.png",
        "short_name": "Small Key 3",
        "access_rules": [
          "goron,hookshot,magic",
          "goron,bow,firearrows,magic",
		  "zora"
        ],
        "item_count": 1
      },

      {
        "name": "Boss Key Chest",
        "hosted_item": "snowhead_boss_key",
        "chest_unopened_img": "images/system/chest_golden_closed.png",
        "chest_opened_img": "images/system/chest_golden_open.png",
        "short_name": "Boss Key",
        "access_rules": [
          "goron,bow,firearrows,magic",
          "zora,bow,firearrows,magic,snowhead_small_keys:1"
        ],
        "item_count": 1
      },

      {
        "name": "Goht",
        "hosted_item": "goht",
		"chest_unopened_img": "images/system/heartcontainer.png",
    "chest_opened_img": "images/system/heartcontainer_grey.png",
        "access_rules": [
          "snowhead_boss_key,goron,bow,firearrows,magic"
        ],
        "capture_item": true,
        "item_count": 1
      },

      {
        "name": "Oath to Order",
		"chest_unopened_img": "images/system/unknownsong.png",
    "chest_opened_img": "images/system/unknownsong_check.png",
    "access_rules": [
      "snowhead_boss_key,goron,bow,firearrows,magic"
    ],
        "capture_item": true,
        "item_count": 1
      }

    ],
    "map_locations": [
      {
        "map": "termina",
        "x": 488,
        "y": 35
      }
    ]
  },
 









  





  /* Great Bay Temple */

  {
    "name": "Great Bay Temple",
    "short_name": "GBT",
    "parent": "GB Easy To Swim To",
    "access_rules": [
      "zora,ocarina,bossanova,hookshot,gyorgbay",
    ],
    "sections": [

      {
        "name": "Underwater Chest - Small Key",
        "hosted_item": "greatbay_small_keys",
        "chest_unopened_img": "images/system/chest_unopened_big.png",
        "chest_opened_img": "images/system/chest_open_big.png",
        "short_name": "Small Key",
        "access_rules": [
          "zora,hookshot"
        ],
        "item_count": 1
      },

      {
        "name": "Boss Key Chest",
        "hosted_item": "greatbay_boss_key",
        "chest_unopened_img": "images/system/chest_golden_closed.png",
        "chest_opened_img": "images/system/chest_golden_open.png",
        "short_name": "Boss Key",
        "access_rules": [
          "bow,icearrows,[firearrows],magic,zora,hookshot"
        ],
        "item_count": 1
      },

      {
        "name": "Wart Miniboss - Ice Arrow",
        "chest_unopened_img": "images/system/chest_unopened_big.png",
        "chest_opened_img": "images/system/chest_open_big.png",
        "short_name": "Ice Arrows",
        "access_rules": [
          "zora,hookshot,greatbay_small_keys:1"
        ],
        "capture_item": true,
        "item_count": 1
      },

      {
        "name": "Gyorg",
        "hosted_item": "gyorg",
		"chest_unopened_img": "images/system/heartcontainer.png",
    "chest_opened_img": "images/system/heartcontainer_grey.png",
        "access_rules": [
          "greatbay_boss_key,bow,icearrows,magic,zora,hookshot,firearrows"
        ],
        "capture_item": true,
        "item_count": 1
      },

      {
        "name": "Oath to Order",
		"chest_unopened_img": "images/system/unknownsong.png",
    "chest_opened_img": "images/system/unknownsong_check.png",
    "access_rules": [
      "greatbay_boss_key,bow,icearrows,magic,zora,hookshot,firearrows"
    ],
        "capture_item": true,
        "item_count": 1
      }

    ],
    "map_locations": [
      {
        "map": "termina",
        "x": 100,
        "y": 350
      }
    ]
  },










  /* Stone Tower*/

  {
    "name": "Stone Tower Temple",
    "short_name": "STT",
    "parent": "Stone Tower",
    "sections": [

      {
        "name": "Kill Armos in Lava Room - Small Key",
        "hosted_item": "stonetower_small_keys",
        "chest_unopened_img": "images/system/chest_unopened_big.png",
        "chest_opened_img": "images/system/chest_open_big.png",
        "short_name": "Stone Tower Small Key 1",
        "access_rules": [
          "mirrorshield,$has_explosives",
          "bow,lightarrows,magic,$has_explosives",
		  "stonetower_small_keys:1,bow,lightarrows,magic"
        ],
        "capture_item": true,
        "item_count": 1
      },

      {
        "name": "Across Water in Bridge Room - Small Key",
        "chest_unopened_img": "images/system/chest_unopened_big.png",
        "hosted_item": "stonetower_small_keys",
        "chest_opened_img": "images/system/chest_open_big.png",
        "short_name": "Stone Tower Small Key 2",
        "access_rules": [
          "lightarrows,bow,magic",
          "$has_explosives,stonetower_small_keys:1"
        ],
        "item_count": 1
      },


      {
        "name": "Garo Master Miniboss - Light Arrow",
        "chest_unopened_img": "images/system/chest_unopened_big.png",
        "chest_opened_img": "images/system/chest_open_big.png",
        "short_name": "Light Arrows",
        "access_rules": [
          "$has_explosives,mirrorshield,deku,stonetower_small_keys:2",
          "bow,lightarrows,magic,stonetower_small_keys:1"
        ],
        "capture_item": true,
        "item_count": 1
  },
   {
        "name": "Across Bridge - Small Key",
        "hosted_item": "stonetower_small_keys",
        "chest_unopened_img": "images/system/chest_unopened_big.png",
        "chest_opened_img": "images/system/chest_open_big.png",
        "short_name": "Inverted Tower Small Key 3",
        "access_rules": [
          "bow,lightarrows,magic"
        ],
       
        
        "item_count": 1
      },

      {
        "name": "Chest on Fire - Small Key",
        "hosted_item": "stonetower_small_keys",
        "chest_unopened_img": "images/system/chest_unopened_big.png",
        "chest_opened_img": "images/system/chest_open_big.png",
        "short_name": "Inverted Tower Small Key 4",
        "access_rules": [
          "bow,lightarrows,magic,deku,stonetower_small_keys:1,hookshot,[elegy]"
        ],
        "item_count": 1
      },

      {
        "name": "Defeat Eyegore - Giant's Mask",
        "chest_unopened_img": "images/system/chest_unopened_big.png",
        "chest_opened_img": "images/system/chest_open_big.png",
        "short_name": "Giant's Mask",
        "access_rules": [
          "bow,lightarrows,magic,stonetower_small_keys:2,hookshot,deku"
        ],
        "capture_item": true,
        "item_count": 1
      },

      {
        "name": "Inverted Stone Tower Temple Boss Key Chest",
        "hosted_item": "stonetower_boss_key",
        "chest_unopened_img": "images/system/chest_golden_closed.png",
        "chest_opened_img": "images/system/chest_golden_open.png",
        "short_name": "Boss Key",
        "access_rules": [
          "bow,lightarrows,magic,deku,stonetower_small_keys:1,hookshot"
        ],
        "item_count": 1
      },

      {
        "name": "Twinmold",
        "hosted_item": "twinmold",
		"chest_unopened_img": "images/system/heartcontainer.png",
    "chest_opened_img": "images/system/heartcontainer_grey.png",
        "access_rules": [
          "bow,lightarrows,magic,[giantmask],hookshot,deku,stonetower_boss_key,stonetower_small_keys:2"
        ],
        "capture_item": true,
        "item_count": 1
      },

      {
        "name": "Oath to Order",
		"chest_unopened_img": "images/system/unknownsong.png",
    "chest_opened_img": "images/system/unknownsong_check.png",
    "access_rules": [
      "bow,lightarrows,magic,[giantmask],hookshot,deku,stonetower_boss_key,stonetower_small_keys:2"
    ],
        "capture_item": true,
        "item_count": 1
      }

    ],
    "map_locations": [
      {
        "map": "termina",
        "x": 956,
        "y": 213
      }
    ]
      }

]
