﻿{
  "tracker_broadcast": {
    "type": "array",
	"dropshadow": true,
    "orientation": "vertical",
    "content": [
      {
        "type": "itemgrid",
        "h_alignment": "center",
		"item_size": 32,
		"margin": "0,0",
        "item_margin": "3,4",
        "rows": [
          [ "stick", "nut", "bow", "firearrow", "icearrow", "lightarrow", "ocarina", "shield0" ],
          [ "bomb", "bombchu", "keg", "hookshot", "lens", "magic", "fairysword", "sword0" ],
          [ "songoftime_check", "healing_check", "epona_check", "soaringaccessible_check", "storms_check", "wallet", "bottle1a", "box" ],
          [ "sonata_check", "lullaby_check", "bossanova_check", "elegy_check", "oath_check", "beans", "bottle2a", "moontear" ],
          [ "postman", "allnight", "blast", "stone", "fairymask", "deku", "bottle3a", "deed1" ],
          [ "keaton", "bremen", "bunny", "dongero", "scents", "goron", "bottle4a", "deed2" ],
          [ "romanimask", "troupe", "kafeimask", "couple", "mot", "zora", "bottle5a", "deed3" ],
          [ "kamaro", "gibdo", "garo", "captain", "giant", "fiercedeity", "bottle6a", "deed4" ]
        ]
      },
	  {
        "type": "array",
        "orientation": "vertical",
        "content": [
		  {
            "type": "array",
			"h_alignment": "center",
            "orientation": "horizontal",
            "margin": "0,0",
            "content": [
				{
					"type": "array",
					"orientation": "horizontal",
					"h_alignment": "right",
					"margin": "3,4",
					"content": [
					  {
						"type": "item",
						"item": "clocktown_strayfairy",
						"margin": "0,0",
						"width": 32,
						"height": 32
					  }
					]
				},
				{
					"type": "array",
					"orientation": "horizontal",
					"h_alignment": "right",
					"margin": "3,4",
					"content": [
					  {
						"type": "item",
						"item": "bomber",
						"margin": "0,0",
						"width": 32,
						"height": 32
					  }
					]
				},
				{
					"type": "array",
					"orientation": "horizontal",
					"h_alignment": "right",
					"margin": "3,4",
					"content": [
					]
				},
				{
					"type": "array",
					"orientation": "horizontal",
					"h_alignment": "left",
					"margin": "3,4",
					"content": [
					  {
						"type": "item",
						"item": "letter",
						"margin": "0,0",
						"width": 32,
						"height": 32
					  }
					]
				},
				{
					"type": "array",
					"orientation": "horizontal",
					"h_alignment": "right",
					"margin": "3,4",
					"content": [
					  {
						"type": "item",
						"item": "pendant",
						"margin": "0,0",
						"width": 32,
						"height": 32
					  }
					]
				},
				{
					"type": "array",
					"orientation": "horizontal",
					"h_alignment": "right",
					"margin": "3,4",
					"content": [
					  {
						"type": "item",
						"item": "delivery",
						"margin": "0,0",
						"width": 32,
						"height": 32
					  }
					]
				},
				{
					"type": "array",
					"orientation": "horizontal",
					"h_alignment": "right",
					"margin": "3,4",
					"content": [
					  {
						"type": "item",
						"item": "roomkey",
						"margin": "0,0",
						"width": 32,
						"height": 32
					  }
					]
				}
			]
		  },
          {
            "type": "array",
            "orientation": "horizontal",
            "margin": "0,0",
            "content": [
				{
					"type": "item",
					"item": "odolw",
					"margin": "3,4",
					"width": 32,
					"height": 32
				  },
				  {
					"type": "item",
					"item": "odolw",
					"margin": "3,4",
					"width": 32,
					"height": 32
				  },
				{
                "type": "item",
                "item": "odolwa",
                "margin": "3,4",
                "width": 32,
                "height": 32
              },
              {
                "type": "item",
                "item": "goht",
                "margin": "3,4",
                "width": 32,
                "height": 32
              },
              {
                "type": "item",
                "item": "gyorg",
                "margin": "3,4",
                "width": 32,
                "height": 32
              },
              {
                "type": "item",
                "item": "twinmold",
                "margin": "3,4",
                "width": 32,
                "height": 32
              }
            ]
          }
        ]
      }
    ]
  }
}