{
  "tracker_default": {
    "type": "container",
    "background": "#212121",
    "content": {
      "type": "dock",
      "dropshadow": true,
      "content": [
        {
          "type": "dock",
          "dock": "left",
          "v_alignment": "stretch",
          "margin": "0,0,3,0",
          "content": [
            {
              "type": "group",
              "header": "Items",
              "content": {
                "type": "itemgrid",
                "h_alignment": "left",
				"item_size": 32,
                "item_margin": "3,4",
                "rows": [
                  [
                    "stick", "nut", "bow", "firearrow", "icearrow", "lightarrow", "ocarina", "shield0"
                  ],
                  [
                   "bomb", "bombchu", "keg", "hookshot", "lens", "magic", "fairysword", "sword0"
                  ],
                  [
                     "songoftime_check", "healing_check", "epona_check", "soaringaccessible_check", "storms_check", "wallet", "bottle1a", "box" ,
                  ],

                  [
                    "sonata_check", "lullaby_check", "bossanova_check", "elegy_check", "oath_check", "beans", "bottle2a", "moontear"
                  ],
                  [ "postman", "allnight", "blast", "stone", "fairymask", "deku", "bottle3a", "deed1" ],
                            [ "keaton", "bremen", "bunny", "dongero", "scents", "goron", "bottle4a", "deed2" ],
                            [ "romanimask", "troupe", "kafeimask", "couple", "mot", "zora", "bottle5a", "deed3" ],
                            [ "kamaro", "gibdo", "garo", "captain", "giant", "fiercedeity", "bottle6a", "deed4" ],
                            [ "clocktown_strayfairy", "bomber", "letterkafei", "pendant", "delivery", "roomkey"],
                            [ "odolwa", "goht", "gyorg", "twinmold"]
                            

                ]
              }
            },
            
            
            
            /*
                      [ "stick", "nut", "bow", "firearrow", "icearrow", "lightarrow", "ocarina", "shield0" ],
          [ "bomb", "bombchu", "keg", "hookshot", "lens", "magic", "fairysword", "sword0" ],
          [ "songoftime_check", "healing_check", "epona_check", "soaringaccessible", "storms_check", "wallet", "bottle1", "box" ],
          [ "sonata_check", "lullaby_check", "bossanova_check", "elegy_check", "oath_check", "beans", "bottle2", "moontear" ],
          [ "postman", "allnight", "blast", "stone", "fairymask", "deku", "bottle3", "deed1" ],
          [ "keaton", "bremen", "bunny", "dongero", "scents", "goron", "bottle4", "deed2" ],
          [ "romanimask", "troupe", "kafeimask", "couple", "mot", "zora", "bottle5", "deed3" ],
          [ "kamaro", "gibdo", "garo", "captain", "giant", "fiercedeity", "bottle6", "deed4" ]
          */

          ]
        },
        {
          "type": "dock",
          "content": [
            {
              "type": "map",
              "dock": "top",
              "map": [
				"termina"
              ]
            },
            {
              "type": "group",
              "header": "Pinned Locations",
              "content": {
                "type": "recentpins",
                "style": "wrap",
                "h_alignment": "stretch",
                "v_alignment": "stretch",
                "orientation": "horizontal",
                "compact": true
              }
            }
          ]
        }
      ]
    }
  }
}