[

  {
    "name": "Shopsanity",
    "type": "progressive",
    "allow_disabled": false,
    "loop": true,
    "stages": [
      {
        "img": "images/settings/shopsanity_no.png",
        "codes": "shopsanity,shopsanity_no"
      },
      {
        "img": "images/settings/shopsanity_yes.png",
        "codes": "shopsanity,shopsanity_yes",
        "inherit_codes": false
      }
    ]
  },
  
  {
    "name": "Bottlesanity",
    "type": "progressive",
    "allow_disabled": false,
    "loop": true,
    "stages": [
      {
        "img": "images/settings/bottlesanity_no.png",
        "codes": "bottlesanity,bottlesanity_no"
      },
      {
        "img": "images/settings/bottlesanity_yes.png",
        "codes": "bottlesanity,bottlesanity_yes",
        "inherit_codes": false
      }
    ]
  },

  {
    "name": "Cowsanity",
    "type": "progressive",
    "allow_disabled": false,
    "loop": true,
    "stages": [
      {
        "img": "images/settings/cowsanity_off.png",
        "codes": "cowsanity_no,cowsanity"
      },
      {
        "img": "images/settings/cowsanity_on.png",
        "codes": "cowsanity_yes,cowsanity",
        "inherit_codes": false
      }
    ]
  },
  {
    "name": "Mundane Shuffle",
    "type": "progressive",
    "allow_disabled": false,
    "loop": true,
    "stages": [
      {
        "img": "images/settings/misc_no.png",
        "codes": "misc_no,miscsanity"
      },
      {
        "img": "images/settings/misc_yes.png",
        "codes": "misc_yes,miscsanity",
        "inherit_codes": false
      }
]
  },
  {
    "name": "Fairysanity",
    "type": "progressive",
    "allow_disabled": false,
    "loop": true,
    "stages": [
      {
        "img": "images/settings/fairy_no.png",
        "codes": "fairy_no,fairysanity"
      },
      {
        "img": "images/settings/fairy_yes.png",
        "codes": "fairy_yes,fairysanity",
        "inherit_codes": false
      }
]
  },
  {
    "name": "Tokensanity",
    "type": "progressive",
    "allow_disabled": false,
    "loop": true,
    "stages": [
      {
        "img": "images/settings/token_no.png",
        "codes": "token_no,tokensanity"
      },
      {
        "img": "images/settings/token_yes.png",
        "codes": "token_yes,tokensanity",
        "inherit_codes": false
      }
]
  },
  {
    "name": "Moon Items",
    "type": "progressive",
    "allow_disabled": false,
    "loop": true,
    "stages": [
      {
        "img": "images/settings/moon_no.png",
        "codes": "moon_no,moonsanity"
      },
      {
        "img": "images/settings/moon_yes.png",
        "codes": "moon_yes,moonsanity",
        "inherit_codes": false
      }
]
  },
  {
    "name": "Beneath Clocktown Deku Nut",
    "type": "progressive",
    "allow_disabled": false,
    "loop": true,
    "stages": [
      {
        "img": "images/settings/nut_no.png",
        "codes": "nut_no,nutsanity"
      },
      {
        "img": "images/settings/nut_yes.png",
        "codes": "nut_yes,nutsanity",
        "inherit_codes": false
      }
]
  },
  [


    
    
  ]
]