﻿[
  // Bow
 {
    "name": "Bow",
    "type": "progressive",
    "allow_disabled": false,
    "stages": [
      {
        "img": "images/items/bow.png",
        "img_mods": "@disabled",
      },
      {
        "img": "images/items/bow.png",
        "img_mods": "overlay|images/system/overlay_30.png",
		"codes": "bow"
      },
      {
        "img": "images/items/bow.png",
        "img_mods": "overlay|images/system/overlay_40.png"
      },
      {
        "img": "images/items/bow.png",
        "img_mods": "overlay|images/system/overlay_50_green.png"
      }
    ]
  },

  // Fire Arrows
  {
    "name": "Fire Arrows",
    "type": "toggle",
    "img": "images/items/firearrow.png",
    "codes": "firearrow,firearrows,farrow,farrows"
  },
  
  // Ice Arrows
  {
    "name": "Ice Arrows",
    "type": "toggle",
    "img": "images/items/icearrow.png",
    "codes": "icearrow,icearrows,iarrow,iarrows"
  },
  
  // Light Arrows
  {
    "name": "Light Arrows",
    "type": "toggle",
    "img": "images/items/lightarrow.png",
    "codes": "lightarrow,lightarrows,larrow,larrows"
  },
  
  // Magic Beans
  {
    "name": "Magic Beans",
    "type": "toggle",
    "img": "images/items/bean.png",
    "codes": "bean,beans,magicbeans"
  },
  
  // Deku Sticks
  {
    "name": "Deku Sticks",
    "type": "toggle",
	"img": "images/items/stick.png",
    "codes": "sticks,dekusticks,stick,dekustick"
  },
  
  // Deku Nuts
  {
    "name": "Deku Nuts",
    "type": "toggle",
	"img": "images/items/nut.png",
    "codes": "nut,nuts,dekunuts"
  },
  
  // Bombs
  {
    "name": "Bombs",
    "type": "progressive",
    "allow_disabled": false,
    "stages": [
      {
        "img": "images/items/bomb.png",
        "img_mods": "@disabled"
      },
      {
        "img": "images/items/bomb.png",
        "img_mods": "overlay|images/system/overlay_20.png",
	    "codes": "bombs,bombbag,bomb"
      },
      {
        "img": "images/items/bomb.png",
        "img_mods": "overlay|images/system/overlay_30.png"
      },
      {
        "img": "images/items/bomb.png",
        "img_mods": "overlay|images/system/overlay_40_green.png"
      },
    ]
  },
  
  // Hookshot
  {
    "name": "Hookshot",
    "type": "toggle",
	"img": "images/items/hookshot.png",
    "codes": "hookshot,hs,hook"
  },
  {
    "name": "Milk",
    "type": "toggle",
	"img": "images/items/milk.png",
    "codes": "milklocated"
  },
  {
    "name": "Gold Dust",
    "type": "toggle",
	"img": "images/items/dust.png",
    "codes": "dustlocated"
  },
  {
    "name": "Chateau Romani",
    "type": "toggle",
	"img": "images/items/chateau.png",
    "codes": "chateaulocated"
  },
  {
    "name": "Seahorse",
    "type": "toggle",
	"img": "images/items/seahorse.png",
    "codes": "seahorselocated"
  },
  
  // Bombchu
  {
    "name": "Bombchu",
    "type": "toggle",
    "img": "images/items/bombchu.png",
    "codes": "bombchu,bombchus"
  },
  
  // Powder Keg
  {
    "name": "Powder Keg",
    "type": "toggle",
    "img": "images/items/keg.png",
    "codes": "powderkeg,powder,keg,powder_keg"
  },
  
  // Lens of Truth
  {
    "name": "Lens of Truth",
    "type": "toggle",
    "img": "images/items/lens.png",
    "codes": "lens,lensoftruth,lot"
  },
  {
    "name": "Lens of Truth and Magic",
    "type": "composite_toggle",
    "codes": "lensmagic",
    "item_left": "lens",
    "item_right": "magic",
    "images": [
      {
        "left": false,
        "right": false,
        "img": "images/lens_magic.png",
        "img_mods": "@disabled"
      },
      {
        "left": true,
        "right": false,
        "img": "images/lens_magic.png",
        "img_mods": "@disabled,overlay|images/lens.png"
      },
      {
        "left": false,
        "right": true,
        "img": "images/magic_lens.png",
        "img_mods": "@disabled,overlay|images/magic1.png"
      },
      {
        "left": true,
        "right": true,
        "img": "images/lens_magic.png"
      }
    ]
  },
  
  // Song of Time
  {
    "name": "Song of Time",
    "type": "toggle",
    "loop": true,
    "img": "images/items/songoftime.png",
    "initial_active_state": true,
    "codes": "songoftime,time,sot"
  },
  {
    "name": "Song of Time Check",
    "type": "toggle_badged",
    "base_item": "songoftime",
    "img": "images/system/check.png",
    "initial_active_state": true,
    "codes": "songoftime_check,time_check,sot_check"
  },
  
  // Song of Healing
  {
    "name": "Song of Healing",
    "type": "toggle",
	"loop": true,
    "img": "images/items/healing.png",
    "initial_active_state": false,
    "codes": "healing,soh,songofhealing,heal"
  },
  {
    "name": "Song of Healing Check",
    "type": "toggle_badged",
    "base_item": "healing",
    "img": "images/system/check.png",
    "initial_active_state": true,
    "codes": "healing_check,soh_check,songofhealing_check,heal_check"
  },
  
  // Epona's Song
  {
    "name": "Epona's Song",
    "type": "toggle",
	"loop": true,
    "img": "images/items/epona.png",
    "codes": "epona,eponas,epona_song,eponasong"
  },
  {
    "name": "Epona's Song Check",
    "type": "toggle_badged",
    "base_item": "epona",
    "img": "images/system/check.png",
    "codes": "epona_check,eponas_check,epona_song_check,eponasong_check"
  },
  
  // Song of Storms
  {
    "name": "Song of Storms",
    "type": "toggle",
	"loop": true,
    "img": "images/items/songofstorms.png",
    "codes": "songofstorms,storm,storms,sos"
  },
  {
    "name": "Song of Storms Check",
    "type": "toggle_badged",
    "base_item": "songofstorms",
    "img": "images/system/check.png",
    "codes": "songofstorms_check,storm_check,storms_check,sos_check"
  },
  
  // Song of Soaring
  {
    "name": "Song of Soaring",
    "type": "toggle",
	"loop": true,
    "img": "images/items/soaring.png",
    "codes": "soaring,sos,songofsoaring,song_of_soaring,soar"
  },
  {
    "name": "Song of Soaring",
    "type": "toggle",
    "loop": true,
    "img": "images/items/soaring.png",
    "initial_active_state": true,
    "codes": "soaringaccessible"
  },
  {
    "name": "Song of Soaring Check",
    "type": "toggle_badged",
    "base_item": "soaringaccessible",
    "img": "images/system/check.png",
    "initial_active_state": true,
    "codes": "soaringaccessible_check"
  },
  {
    "name": "Song of Soaring Check",
    "type": "toggle_badged",
    "base_item": "soaring",
    "img": "images/system/check.png",
    "codes": "soaring_check,sos_check,songofsoaring_check,song_of_soaring_check,soar_check,soaringaccessible"
  },
  
  // Sonata of Awakening
  {
    "name": "Sonata of Awakening",
    "type": "toggle",
	"loop": true,
    "img": "images/items/sonata.png",
    "codes": "sonata,awakening,soa,sonata_of_awakening,awake"
  },
  {
    "name": "Sonata of Awakening Check",
    "type": "toggle_badged",
    "base_item": "sonata",
    "img": "images/system/check.png",
    "codes": "sonata_check,awakening_check,soa_check,sonata_of_awakening_check,awake_check"
  },
  
  // Goron Lullaby
  {
    "name": "Goron Lullaby",
    "type": "toggle",
	"loop": true,
    "img": "images/items/lullaby.png",
    "codes": "lullaby,goronslullaby,goronlullaby,goron_lullaby"
  },
  {
    "name": "Goron Lullaby Check",
    "type": "toggle_badged",
    "base_item": "lullaby",
    "img": "images/system/check.png",
    "codes": "lullaby_check,goronslullaby_check,goronlullaby_check,goron_lullaby_check"
  },
  
  // New Wave Bossa Nova
  {
    "name": "New Wave Bossa Nova",
    "type": "toggle",
	"loop": true,
    "img": "images/items/bossanova.png",
    "codes": "bossanova,newwavebossanova,nova,bossa,wave"
  },
  {
    "name": "New Wave Bossa Nova Check",
    "type": "toggle_badged",
    "base_item": "bossanova",
    "img": "images/system/check.png",
    "codes": "bossanova_check,newwavebossanova_check,nova_check,bossa_check,wave_check"
  },
  
  // Elegy of Emptiness
  {
    "name": "Elegy of Emptiness",
    "type": "toggle",
	"loop": true,
    "img": "images/items/elegy.png",
    "codes": "elegy,emptiness,elegyofemptiness,eoe,elegy_of_emptiness"
  },
  {
    "name": "Elegy of Emptiness Check",
    "type": "toggle_badged",
    "base_item": "elegy",
    "img": "images/system/check.png",
    "codes": "elegy_check,emptiness_check,elegyofemptiness_check,eoe_check,elegy_of_emptiness_check"
  },
  
  // Oath to Order
  {
    "name": "Oath to Order",
    "type": "toggle",
	"loop": true,
    "img": "images/items/oath.png",
    "codes": "oath,order,oto,oath_to_order"
  },
  {
    "name": "Oath to Order Check",
    "type": "toggle_badged",
    "base_item": "oath",
    "img": "images/system/check.png",
    "codes": "oath_check,oathcheck,ordercheck,otocheck,oath_to_order_check"
  },
  
  // Great Fairy Sword
  {
    "name": "Great Fairy Sword",
    "type": "toggle",
    "img": "images/items/fairysword.png",
    "codes": "fairysword,greatfairysword,fairy_sword,sword4"
  },
  
  // Pictograph Box
  {
    "name": "Pictograph Box",
    "type": "toggle",
    "img": "images/items/box.png",
    "codes": "box,pictograph,pictobox,pictographbox"
  },
  
  // Bomber Notebook
  {
    "name": "Bomber Notebook",
    "type": "toggle",
    "img": "images/items/bomber.png",
    "codes": "bomber,bombernotebook,notebook,book"
  },
  
  // Progressive Sword
  {
    "name": "Sword",
    "type": "progressive",
    "stages": [
      {
        "img": "images/items/kokiri.png",
        "codes": "kokirisword,kokiri,sword1"
      },
      {
        "img": "images/items/razor.png"
      },
	  {
        "img": "images/items/gilded.png"
      }
    ]
  },
  {
    "name": "Sword",
    "type": "progressive",
    "initial_stage_idx": 0,
    "stages": [
      {
        "img": "images/items/kokiri.png",
        "codes": "kokirisword,kokiri,sword0"
      },
      {
        "img": "images/items/razor.png"
      },
	  {
        "img": "images/items/gilded.png"
      }
    ]
  },
  
  // Progressive Shield
  {
    "name": "Shield",
    "type": "progressive",
	"stages": [
      {
        "img": "images/items/shield.png",
        "codes": "shield,shield1,heroshield,hylianshield"
      },
      {
        "img": "images/items/mirror.png",
		"codes": "mirror,mirrorshield,mirror_shield,shield2"
      }
    ]
  },
  {
    "name": "Shield",
    "type": "progressive",
    "initial_stage_idx": 0,
	"stages": [
      {
        "img": "images/items/shield.png",
        "codes": "shield,shield0,heroshield,hylianshield"
      },
      {
        "img": "images/items/mirror.png",
		"codes": "mirror,mirrorshield,mirror_shield,shield2"
      }
    ]
  },
  
  // Ocarina
  {
    "name": "Ocarina",
    "type": "toggle",
    "img": "images/items/ocarina.png",
    "initial_active_state": true,
    "codes": "ocarina,oot,ocarinaoftime,ocarina_of_time"
  },
  
  // Bottles
  {
    "name": "Bottle 1",
    "type": "progressive",
    "loop": true,
    "stages": [
      {
        "img": "images/items/bottle.png",
        "codes": "bottle,bottle1,emptybottle"
      },
      {
        "img": "images/items/bigpoe.png",
		"codes": "bottle,bottle1,bigpoe,big_poe",
		"inherit_codes": false
      },
      {
        "img": "images/items/zoraegg.png",
		"codes": "bottle,bottle1,zoraegg,zoraegg_bottle,bottle_egg,bottlezoraegg,bottleegg",
		"inherit_codes": false
      },
      {
        "img": "images/items/dekuprincess.png",
		"codes": "bottle,bottle1,dekuprincess,bottledekuprincess,bottledeku,bottle_deku_princess",
		"inherit_codes": false
      },
      {
        "img": "images/items/mushroom.png",
		"codes": "bottle,bottle1,mushroom,mush,bottled_mushroom,bottledmushroom",
		"inherit_codes": false
      },
      {
        "img": "images/items/springwater.png",
		"codes": "bottle,bottle1,hotspringwater,hot_spring_water,hot,hotwater,hot_water,spring_water_hot",
		"inherit_codes": false
      },
	  {
        "img": "images/items/water.png",
		"codes": "bottle,bottle1,water,bottledwater,bottled_water",
		"inherit_codes": false
      },
      {
        "img": "images/items/fish.png",
		"codes": "bottle,bottle1,fish,bottledfish,bottled_fish",
		"inherit_codes": false
      },
      {
        "img": "images/items/bug.png",
		"codes": "bottle,bottle1,bug,bugs,bottledbugs,bottled_bugs",
		"inherit_codes": false
      },
      {
        "img": "images/items/fairy.png",
		"codes": "bottle,bottle1,fairy,bottled_fairy,bottledfairy",
		"inherit_codes": false
      },
      {
        "img": "images/items/bottle_poe.png",
		"codes": "bottle,bottle1,poe",
		"inherit_codes": false
      }
    ]
  },

  {
    "name": "Bottle 1",
    "type": "progressive",
    "loop": true,
    "stages": [
      {
        "img": "images/items/bottle.png",
        "codes": "bottle,bottle1a,emptybottle"
      },
      {
        "img": "images/items/dust.png",
		"codes": "bottle,bottle1,dust",
		"inherit_codes": false
      },
      {
        "img": "images/items/redpotionog.png",
		"codes": "bottle,bottle1,redpotionlocateda",
		"inherit_codes": false
      },
      {
        "img": "images/items/bluepotionog.png",
		"codes": "bottle,bottle1,bluepotionlocateda",
		"inherit_codes": false
      },
      {
        "img": "images/items/zoraegg.png",
		"codes": "bottle,bottle1,zoraegg,zoraegg_bottle,bottle_egg,bottlezoraegg,bottleegg",
		"inherit_codes": false
      },
      {
        "img": "images/items/dekuprincess.png",
		"codes": "bottle,bottle1,dekuprincess,bottledekuprincess,bottledeku,bottle_deku_princess",
		"inherit_codes": false
      },
      {
        "img": "images/items/mushroom.png",
		"codes": "bottle,bottle1,mushroom,mush,bottled_mushroom,bottledmushroom",
		"inherit_codes": false
      },
      {
        "img": "images/items/springwater.png",
		"codes": "bottle,bottle1,hotspringwater,hot_spring_water,hot,hotwater,hot_water,spring_water_hot",
		"inherit_codes": false
      },
	  {
        "img": "images/items/water.png",
		"codes": "bottle,bottle1,water,bottledwater,bottled_water",
		"inherit_codes": false
      },
      {
        "img": "images/items/fish.png",
		"codes": "bottle,bottle1,fish,bottledfish,bottled_fish",
		"inherit_codes": false
      },
      {
        "img": "images/items/bug.png",
		"codes": "bottle,bottle1,bug,bugs,bottledbugs,bottled_bugs",
		"inherit_codes": false
      }
    ]
  },
  
  // Bottles
  {
    "name": "Bottle 2",
    "type": "progressive",
    "loop": true,
    "stages": [
      {
        "img": "images/items/bottle.png",
        "codes": "bottle,bottle2,emptybottle"
      },
      {
        "img": "images/items/bigpoe.png",
		"codes": "bottle,bottle2,bigpoe,big_poe",
		"inherit_codes": false
      },
      {
        "img": "images/items/zoraegg.png",
		"codes": "bottle,bottle2,zoraegg,zoraegg_bottle,bottle_egg,bottlezoraegg,bottleegg",
		"inherit_codes": false
      },
      {
        "img": "images/items/dekuprincess.png",
		"codes": "bottle,bottle2,dekuprincess,bottledekuprincess,bottledeku,bottle_deku_princess",
		"inherit_codes": false
      },
      {
        "img": "images/items/mushroom.png",
		"codes": "bottle,bottle2,mushroom,mush,bottled_mushroom,bottledmushroom",
		"inherit_codes": false
      },
      {
        "img": "images/items/springwater.png",
		"codes": "bottle,bottle2,hotspringwater,hot_spring_water,hot,hotwater,hot_water,spring_water_hot",
		"inherit_codes": false
      },
	  {
        "img": "images/items/water.png",
		"codes": "bottle,bottle2,water,bottledwater,bottled_water",
		"inherit_codes": false
      },
      {
        "img": "images/items/fish.png",
		"codes": "bottle,bottle2,fish,bottledfish,bottled_fish",
		"inherit_codes": false
      },
      {
        "img": "images/items/bug.png",
		"codes": "bottle,bottle2,bug,bugs,bottledbugs,bottled_bugs",
		"inherit_codes": false
      },
      {
        "img": "images/items/fairy.png",
		"codes": "bottle,bottle2,fairy,bottled_fairy,bottledfairy",
		"inherit_codes": false
      },
      {
        "img": "images/items/bottle_poe.png",
		"codes": "bottle,bottle2,poe",
		"inherit_codes": false
      }
    ]
  },
  {
    "name": "Bottle 2",
    "type": "progressive",
    "loop": true,
    "stages": [
      {
        "img": "images/items/bottle.png",
        "codes": "bottle,bottle2a,emptybottle"
      },
      {
        "img": "images/items/dust.png",
		"codes": "bottle,bottle2,dustlocated",
		"inherit_codes": false
      },
      {
        "img": "images/items/redpotionog.png",
		"codes": "bottle,bottle2,redpotionlocateda",
		"inherit_codes": false
      },
      {
        "img": "images/items/bluepotionog.png",
		"codes": "bottle,bottle2,bluepotionlocateda",
		"inherit_codes": false
      },
      {
        "img": "images/items/zoraegg.png",
		"codes": "bottle,bottle2,zoraegg,zoraegg_bottle,bottle_egg,bottlezoraegg,bottleegg",
		"inherit_codes": false
      },
      {
        "img": "images/items/dekuprincess.png",
		"codes": "bottle,bottle2,dekuprincess,bottledekuprincess,bottledeku,bottle_deku_princess",
		"inherit_codes": false
      },
      {
        "img": "images/items/mushroom.png",
		"codes": "bottle,bottle2,mushroom,mush,bottled_mushroom,bottledmushroom",
		"inherit_codes": false
      },
      {
        "img": "images/items/springwater.png",
		"codes": "bottle,bottle2,hotspringwater,hot_spring_water,hot,hotwater,hot_water,spring_water_hot",
		"inherit_codes": false
      },
	  {
        "img": "images/items/water.png",
		"codes": "bottle,bottle2,water,bottledwater,bottled_water",
		"inherit_codes": false
      },
      {
        "img": "images/items/fish.png",
		"codes": "bottle,bottle2,fish,bottledfish,bottled_fish",
		"inherit_codes": false
      },
      {
        "img": "images/items/bug.png",
		"codes": "bottle,bottle2,bug,bugs,bottledbugs,bottled_bugs",
		"inherit_codes": false
      }
    ]
  },
  
  // Bottles
  {
    "name": "Bottle 3",
    "type": "progressive",
    "loop": true,
    "stages": [
      {
        "img": "images/items/bottle.png",
        "codes": "bottle,bottle3,emptybottle"
      },
      {
        "img": "images/items/bigpoe.png",
		"codes": "bottle,bottle3,bigpoe,big_poe",
		"inherit_codes": false
      },
      {
        "img": "images/items/zoraegg.png",
		"codes": "bottle,bottle3,zoraegg,zoraegg_bottle,bottle_egg,bottlezoraegg,bottleegg",
		"inherit_codes": false
      },
      {
        "img": "images/items/dekuprincess.png",
		"codes": "bottle,bottle3,dekuprincess,bottledekuprincess,bottledeku,bottle_deku_princess",
		"inherit_codes": false
      },
      {
        "img": "images/items/mushroom.png",
		"codes": "bottle,bottle3,mushroom,mush,bottled_mushroom,bottledmushroom",
		"inherit_codes": false
      },
      {
        "img": "images/items/springwater.png",
		"codes": "bottle,bottle3,hotspringwater,hot_spring_water,hot,hotwater,hot_water,spring_water_hot",
		"inherit_codes": false
      },
	  {
        "img": "images/items/water.png",
		"codes": "bottle,bottle3,water,bottledwater,bottled_water",
		"inherit_codes": false
      },
      {
        "img": "images/items/fish.png",
		"codes": "bottle,bottle3,fish,bottledfish,bottled_fish",
		"inherit_codes": false
      },
      {
        "img": "images/items/bug.png",
		"codes": "bottle,bottle3,bug,bugs,bottledbugs,bottled_bugs",
		"inherit_codes": false
      },
      {
        "img": "images/items/fairy.png",
		"codes": "bottle,bottle3,fairy,bottled_fairy,bottledfairy",
		"inherit_codes": false
      },
      {
        "img": "images/items/bottle_poe.png",
		"codes": "bottle,bottle3,poe",
		"inherit_codes": false
      }
    ]
  },
  {
    "name": "Bottle 3",
    "type": "progressive",
    "loop": true,
    "stages": [
      {
        "img": "images/items/bottle.png",
        "codes": "bottle,bottle3a,emptybottle"
      },
      {
        "img": "images/items/dust.png",
		"codes": "bottle,bottle3,dust",
		"inherit_codes": false
      },
      {
        "img": "images/items/redpotionog.png",
		"codes": "bottle,bottle3,redpotionlocateda",
		"inherit_codes": false
      },
      {
        "img": "images/items/bluepotionog.png",
		"codes": "bottle,bottle3,bluepotionlocateda",
		"inherit_codes": false
      },
      {
        "img": "images/items/zoraegg.png",
		"codes": "bottle,bottle3,zoraegg,zoraegg_bottle,bottle_egg,bottlezoraegg,bottleegg",
		"inherit_codes": false
      },
      {
        "img": "images/items/dekuprincess.png",
		"codes": "bottle,bottle3,dekuprincess,bottledekuprincess,bottledeku,bottle_deku_princess",
		"inherit_codes": false
      },
      {
        "img": "images/items/mushroom.png",
		"codes": "bottle,bottle3,mushroom,mush,bottled_mushroom,bottledmushroom",
		"inherit_codes": false
      },
      {
        "img": "images/items/springwater.png",
		"codes": "bottle,bottle3,hotspringwater,hot_spring_water,hot,hotwater,hot_water,spring_water_hot",
		"inherit_codes": false
      },
	  {
        "img": "images/items/water.png",
		"codes": "bottle,bottle3,water,bottledwater,bottled_water",
		"inherit_codes": false
      },
      {
        "img": "images/items/fish.png",
		"codes": "bottle,bottle3,fish,bottledfish,bottled_fish",
		"inherit_codes": false
      },
      {
        "img": "images/items/bug.png",
		"codes": "bottle,bottle3,bug,bugs,bottledbugs,bottled_bugs",
		"inherit_codes": false
      }
    ]
  },
  
  // Bottles
  {
    "name": "Bottle 4",
    "type": "progressive",
    "loop": true,
    "stages": [
      {
        "img": "images/items/bottle.png",
        "codes": "bottle,bottle4,emptybottle"
      },
      {
        "img": "images/items/bigpoe.png",
		"codes": "bottle,bottle4,bigpoe,big_poe",
		"inherit_codes": false
      },
      {
        "img": "images/items/zoraegg.png",
		"codes": "bottle,bottle4,zoraegg,zoraegg_bottle,bottle_egg,bottlezoraegg,bottleegg",
		"inherit_codes": false
      },
      {
        "img": "images/items/dekuprincess.png",
		"codes": "bottle,bottle4,dekuprincess,bottledekuprincess,bottledeku,bottle_deku_princess",
		"inherit_codes": false
      },
      {
        "img": "images/items/mushroom.png",
		"codes": "bottle,bottle4,mushroom,mush,bottled_mushroom,bottledmushroom",
		"inherit_codes": false
      },
      {
        "img": "images/items/springwater.png",
		"codes": "bottle,bottle4,hotspringwater,hot_spring_water,hot,hotwater,hot_water,spring_water_hot",
		"inherit_codes": false
      },
	  {
        "img": "images/items/water.png",
		"codes": "bottle,bottle4,water,bottledwater,bottled_water",
		"inherit_codes": false
      },
      {
        "img": "images/items/fish.png",
		"codes": "bottle,bottle4,fish,bottledfish,bottled_fish",
		"inherit_codes": false
      },
      {
        "img": "images/items/bug.png",
		"codes": "bottle,bottle4,bug,bugs,bottledbugs,bottled_bugs",
		"inherit_codes": false
      },
      {
        "img": "images/items/fairy.png",
		"codes": "bottle,bottle4,fairy,bottled_fairy,bottledfairy",
		"inherit_codes": false
      },
      {
        "img": "images/items/bottle_poe.png",
		"codes": "bottle,bottle4,poe",
		"inherit_codes": false
      }
    ]
  },
  {
    "name": "Bottle 4",
    "type": "progressive",
    "loop": true,
    "stages": [
      {
        "img": "images/items/bottle.png",
        "codes": "bottle,bottle4a,emptybottle"
      },
      {
        "img": "images/items/dust.png",
		"codes": "bottle,bottle4,dust",
		"inherit_codes": false
      },
      {
        "img": "images/items/redpotionog.png",
		"codes": "bottle,bottle4,redpotionlocateda",
		"inherit_codes": false
      },
      {
        "img": "images/items/bluepotionog.png",
		"codes": "bottle,bottle4,bluepotionlocateda",
		"inherit_codes": false
      },
      {
        "img": "images/items/zoraegg.png",
		"codes": "bottle,bottle4,zoraegg,zoraegg_bottle,bottle_egg,bottlezoraegg,bottleegg",
		"inherit_codes": false
      },
      {
        "img": "images/items/dekuprincess.png",
		"codes": "bottle,bottle4,dekuprincess,bottledekuprincess,bottledeku,bottle_deku_princess",
		"inherit_codes": false
      },
      {
        "img": "images/items/mushroom.png",
		"codes": "bottle,bottle4,mushroom,mush,bottled_mushroom,bottledmushroom",
		"inherit_codes": false
      },
      {
        "img": "images/items/springwater.png",
		"codes": "bottle,bottle4,hotspringwater,hot_spring_water,hot,hotwater,hot_water,spring_water_hot",
		"inherit_codes": false
      },
	  {
        "img": "images/items/water.png",
		"codes": "bottle,bottle4,water,bottledwater,bottled_water",
		"inherit_codes": false
      },
      {
        "img": "images/items/fish.png",
		"codes": "bottle,bottle4,fish,bottledfish,bottled_fish",
		"inherit_codes": false
      },
      {
        "img": "images/items/bug.png",
		"codes": "bottle,bottle4,bug,bugs,bottledbugs,bottled_bugs",
		"inherit_codes": false
      }
    ]
  },
  
  // Bottles
  {
    "name": "Bottle 5",
    "type": "progressive",
    "loop": true,
    "stages": [
      {
        "img": "images/items/bottle.png",
        "codes": "bottle,bottle5,emptybottle"
      },
      {
        "img": "images/items/bigpoe.png",
		"codes": "bottle,bottle5,bigpoe,big_poe",
		"inherit_codes": false
      },
      {
        "img": "images/items/zoraegg.png",
		"codes": "bottle,bottle5,zoraegg,zoraegg_bottle,bottle_egg,bottlezoraegg,bottleegg",
		"inherit_codes": false
      },
      {
        "img": "images/items/dekuprincess.png",
		"codes": "bottle,bottle5,dekuprincess,bottledekuprincess,bottledeku,bottle_deku_princess",
		"inherit_codes": false
      },
      {
        "img": "images/items/mushroom.png",
		"codes": "bottle,bottle5,mushroom,mush,bottled_mushroom,bottledmushroom",
		"inherit_codes": false
      },
      {
        "img": "images/items/springwater.png",
		"codes": "bottle,bottle5,hotspringwater,hot_spring_water,hot,hotwater,hot_water,spring_water_hot",
		"inherit_codes": false
      },
	  {
        "img": "images/items/water.png",
		"codes": "bottle,bottle5,water,bottledwater,bottled_water",
		"inherit_codes": false
      },
      {
        "img": "images/items/fish.png",
		"codes": "bottle,bottle5,fish,bottledfish,bottled_fish",
		"inherit_codes": false
      },
      {
        "img": "images/items/bug.png",
		"codes": "bottle,bottle5,bug,bugs,bottledbugs,bottled_bugs",
		"inherit_codes": false
      },
      {
        "img": "images/items/fairy.png",
		"codes": "bottle,bottle5,fairy,bottled_fairy,bottledfairy",
		"inherit_codes": false
      },
      {
        "img": "images/items/bottle_poe.png",
		"codes": "bottle,bottle5,poe",
		"inherit_codes": false
      },
    ]
  },
  {
    "name": "Bottle 5",
    "type": "progressive",
    "loop": true,
    "stages": [
      {
        "img": "images/items/bottle.png",
        "codes": "bottle,bottle5a,emptybottle"
      },
      {
        "img": "images/items/dust.png",
		"codes": "bottle,bottle5,dust",
		"inherit_codes": false
      },
      {
        "img": "images/items/redpotionog.png",
		"codes": "bottle,bottle5,redpotionlocateda",
		"inherit_codes": false
      },
      {
        "img": "images/items/bluepotionog.png",
		"codes": "bottle,bottle5,bluepotionlocateda",
		"inherit_codes": false
      },
      {
        "img": "images/items/zoraegg.png",
		"codes": "bottle,bottle5,zoraegg,zoraegg_bottle,bottle_egg,bottlezoraegg,bottleegg",
		"inherit_codes": false
      },
      {
        "img": "images/items/dekuprincess.png",
		"codes": "bottle,bottle5,dekuprincess,bottledekuprincess,bottledeku,bottle_deku_princess",
		"inherit_codes": false
      },
      {
        "img": "images/items/mushroom.png",
		"codes": "bottle,bottle5,mushroom,mush,bottled_mushroom,bottledmushroom",
		"inherit_codes": false
      },
      {
        "img": "images/items/springwater.png",
		"codes": "bottle,bottle5,hotspringwater,hot_spring_water,hot,hotwater,hot_water,spring_water_hot",
		"inherit_codes": false
      },
	  {
        "img": "images/items/water.png",
		"codes": "bottle,bottle5,water,bottledwater,bottled_water",
		"inherit_codes": false
      },
      {
        "img": "images/items/fish.png",
		"codes": "bottle,bottle5,fish,bottledfish,bottled_fish",
		"inherit_codes": false
      },
      {
        "img": "images/items/bug.png",
		"codes": "bottle,bottle5,bug,bugs,bottledbugs,bottled_bugs",
		"inherit_codes": false
      }
    ]
  },
  
   // Bottles
  {
    "name": "Bottle 6",
    "type": "progressive",
    "loop": true,
    "stages": [
      {
        "img": "images/items/bottle.png",
        "codes": "bottle,bottle6,emptybottle"
      },
      {
        "img": "images/items/bigpoe.png",
		"codes": "bottle,bottle6,bigpoe,big_poe",
		"inherit_codes": false
      },
      {
        "img": "images/items/zoraegg.png",
		"codes": "bottle,bottle6,zoraegg,zoraegg_bottle,bottle_egg,bottlezoraegg,bottleegg",
		"inherit_codes": false
      },
      {
        "img": "images/items/dekuprincess.png",
		"codes": "bottle,bottle6,dekuprincess,bottledekuprincess,bottledeku,bottle_deku_princess",
		"inherit_codes": false
      },
      {
        "img": "images/items/mushroom.png",
		"codes": "bottle,bottle6,mushroom,mush,bottled_mushroom,bottledmushroom",
		"inherit_codes": false
      },
      {
        "img": "images/items/springwater.png",
		"codes": "bottle,bottle6,hotspringwater,hot_spring_water,hot,hotwater,hot_water,spring_water_hot",
		"inherit_codes": false
      },
	  {
        "img": "images/items/water.png",
		"codes": "bottle,bottle6,water,bottledwater,bottled_water",
		"inherit_codes": false
      },
      {
        "img": "images/items/fish.png",
		"codes": "bottle,bottle6,fish,bottledfish,bottled_fish",
		"inherit_codes": false
      },
      {
        "img": "images/items/bug.png",
		"codes": "bottle,bottle6,bug,bugs,bottledbugs,bottled_bugs",
		"inherit_codes": false
      },
      {
        "img": "images/items/fairy.png",
		"codes": "bottle,bottle6,fairy,bottled_fairy,bottledfairy",
		"inherit_codes": false
      },
      {
        "img": "images/items/bottle_poe.png",
		"codes": "bottle,bottle6,poe",
		"inherit_codes": false
      },
      
    ]
  },
  {
    "name": "Bottle 6",
    "type": "progressive",
    "loop": true,
    "stages": [
      {
        "img": "images/items/bottle.png",
        "codes": "bottle,bottle6a,emptybottle"
      },
      {
        "img": "images/items/dust.png",
		"codes": "bottle,bottle6,dust",
		"inherit_codes": false
      },
      {
        "img": "images/items/redpotionog.png",
		"codes": "bottle,bottle6,redpotionlocateda",
		"inherit_codes": false
      },
      {
        "img": "images/items/bluepotionog.png",
		"codes": "bottle,bottle6,bluepotionlocateda",
		"inherit_codes": false
      },
      {
        "img": "images/items/zoraegg.png",
		"codes": "bottle,bottle6,zoraegg,zoraegg_bottle,bottle_egg,bottlezoraegg,bottleegg",
		"inherit_codes": false
      },
      {
        "img": "images/items/dekuprincess.png",
		"codes": "bottle,bottle6,dekuprincess,bottledekuprincess,bottledeku,bottle_deku_princess",
		"inherit_codes": false
      },
      {
        "img": "images/items/mushroom.png",
		"codes": "bottle,bottle6,mushroom,mush,bottled_mushroom,bottledmushroom",
		"inherit_codes": false
      },
      {
        "img": "images/items/springwater.png",
		"codes": "bottle,bottle6,hotspringwater,hot_spring_water,hot,hotwater,hot_water,spring_water_hot",
		"inherit_codes": false
      },
	  {
        "img": "images/items/water.png",
		"codes": "bottle,bottle6,water,bottledwater,bottled_water",
		"inherit_codes": false
      },
      {
        "img": "images/items/fish.png",
		"codes": "bottle,bottle6,fish,bottledfish,bottled_fish",
		"inherit_codes": false
      },
      {
        "img": "images/items/bug.png",
		"codes": "bottle,bottle6,bug,bugs,bottledbugs,bottled_bugs",
		"inherit_codes": false
      }
      
    ]
  },
  {
    "name": "Woodfall Temple Location",
    "type": "progressive",
    "initial_stage_idx": 0,
    "allow_disabled": false,
    "loop": true,
    "stages": [
      {
        "img": "images/settings/odolwaun.png",
        "codes": "odolwaunknown",
        "inherit_codes": false
      },
      {
        "img": "images/settings/odolwa_woodfall.png",
        "codes": "odolwawood,woodent"
      },
      {
        "img": "images/settings/odolwa_snowhead.png",
    "codes": "odolwasnow",
    "inherit_codes": false
      },
      {
        "img": "images/settings/odolwa_greatbay.png",
    "codes": "odolwabay",
    "inherit_codes": false
      },
      {
        "img": "images/settings/odolwa_stonetower.png",
    "codes": "odolwastone",
    "inherit_codes": false
      }
    ]
  },

  {
    "name": "Woodfall Temple Host",
    "type": "progressive",
  "img": "images/items/odolwa.png",
  "stages": [
    {
      "img": "images/items/odolwa.png",
  "codes": "odolwalocwood"
    },
    {
      "img": "images/items/odolwacheck.png",
  "codes": "odolwaloccheck"
  },
]
},


{
  "name": "Woodfall Temple Host",
  "type": "progressive",
"img": "images/items/goht.png",
"stages": [
  {
    "img": "images/items/goht.png",
"codes": "gohtlocwood"
  },
  {
    "img": "images/items/gohtcheck.png",
"codes": "gohtloccheck"
},
]
},

{
  "name": "Woodfall Temple Host",
  "type": "progressive",
"img": "images/items/gyorg.png",
"stages": [
  {
    "img": "images/items/gyorg.png",
"codes": "gyorglocwood"
  },
  {
    "img": "images/items/gyorgcheck.png",
"codes": "gyorgloccheck"
},
]
},
{
  "name": "Woodfall Temple Host",
  "type": "progressive",
"stages": [
  {
    "img": "images/items/twinmold.png",
"codes": "twinlocwood"
  },
  {
    "img": "images/items/twinmoldcheck.png",
"codes": "twinloccheck"
},
]
},

{
  "name": "Snowhead Temple Host",
  "type": "progressive",
"img": "images/items/odolwa.png",
"stages": [
  {
    "img": "images/items/odolwa.png",
"codes": "odolwalocsnow"
  },
  {
    "img": "images/items/odolwacheck.png",
"codes": "odolwaloccheck2"
},
]
},
{
  "name": "Snowhead Temple Host",
  "type": "progressive",
"img": "images/items/goht.png",
"stages": [
  {
    "img": "images/items/goht.png",
"codes": "gohtlocsnow"
  },
  {
    "img": "images/items/gohtcheck.png",
"codes": "gohtloccheck2"
},
]
},

{
  "name": "Snowhead Temple Host",
  "type": "progressive",
"img": "images/items/gyorg.png",
"stages": [
  {
    "img": "images/items/gyorg.png",
"codes": "gyorglocsnow"
  },
  {
    "img": "images/items/gyorgcheck.png",
"codes": "gyorgloccheck2"
},
]
},
{
  "name": "Snowhead Temple Host",
  "type": "progressive",
"stages": [
  {
    "img": "images/items/twinmold.png",
"codes": "twinlocsnow"
  },
  {
    "img": "images/items/twinmoldcheck.png",
"codes": "twinloccheck2"
},
]
},
{
  "name": "Great Bay Temple Host",
  "type": "progressive",
"img": "images/items/odolwa.png",
"stages": [
  {
    "img": "images/items/odolwa.png",
"codes": "odolwalocbay"
  },
  {
    "img": "images/items/odolwacheck.png",
"codes": "odolwaloccheck3"
},
]
},
{
  "name": "Great Bay Temple Host",
  "type": "progressive",
"img": "images/items/goht.png",
"stages": [
  {
    "img": "images/items/goht.png",
"codes": "gohtlocbay"
  },
  {
    "img": "images/items/gohtcheck.png",
"codes": "gohtloccheck3"
},
]
},

{
  "name": "Great Bay Temple Host",
  "type": "progressive",
"img": "images/items/gyorg.png",
"stages": [
  {
    "img": "images/items/gyorg.png",
"codes": "gyorglocbay"
  },
  {
    "img": "images/items/gyorgcheck.png",
"codes": "gyorgloccheck3"
},
]
},
{
  "name": "Great Bay Temple Host",
  "type": "progressive",
"stages": [
  {
    "img": "images/items/twinmold.png",
"codes": "twinlocbay"
  },
  {
    "img": "images/items/twinmoldcheck.png",
"codes": "twinloccheck3"
},
]
},
{
  "name": "Inverted Stone Tower Host",
  "type": "progressive",
"img": "images/items/odolwa.png",
"stages": [
  {
    "img": "images/items/odolwa.png",
"codes": "odolwalocstone"
  },
  {
    "img": "images/items/odolwacheck.png",
"codes": "odolwaloccheck4"
},
]
},
{
  "name": "Inverted Stone Tower Host",
  "type": "progressive",
"img": "images/items/goht.png",
"stages": [
  {
    "img": "images/items/goht.png",
"codes": "gohtlocstone"
  },
  {
    "img": "images/items/gohtcheck.png",
"codes": "gohtloccheck4"
},
]
},

{
  "name": "Inverted Stone Tower Temple Host",
  "type": "progressive",
"img": "images/items/gyorg.png",
"stages": [
  {
    "img": "images/items/gyorg.png",
"codes": "gyorglocstone"
  },
  {
    "img": "images/items/gyorgcheck.png",
"codes": "gyorgloccheck4"
},
]
},
{
  "name": "Inverted Stone Tower Temple Host",
  "type": "progressive",
"stages": [
  {
    "img": "images/items/twinmold.png",
"codes": "twinlocstone"
  },
  {
    "img": "images/items/twinmoldcheck.png",
"codes": "twinloccheck4"
},
]
},






  {
    "name": "Snowhead Temple Location",
    "type": "progressive",
    "initial_stage_idx": 3,
    "allow_disabled": false,
    "loop": true,
    "stages": [

      {
        "img": "images/settings/goht_snowhead.png",
        "codes": "gohtsnow"
      },
      {
        "img": "images/settings/goht_greatbay.png",
    "codes": "gohtbay,snowent",
    "inherit_codes": false
      },
      {
        "img": "images/settings/goht_stonetower.png",
    "codes": "gohtstone",
    "inherit_codes": false
      },
      {
        "img": "images/settings/gohtun.png",
        "codes": "gohtunknown",
        "inherit_codes": false
      },
      {
        "img": "images/settings/goht_woodfall.png",
    "codes": "gohtwood",
    "inherit_codes": false
      }
    ]
  },
  {
    "name": "Great Bay Temple Location",
    "type": "progressive",
    "initial_stage_idx": 2,
    "allow_disabled": false,
    "loop": true,
    "stages": [
      {
        "img": "images/settings/gyorgbay.png",
        "codes": "gyorgbay,bayent"
      },
      {
        "img": "images/settings/gyorgstone.png",
    "codes": "gyorgstone,gyorg4",
    "inherit_codes": false
      },
      {
        "img": "images/settings/gyorgun.png",
        "codes": "gyorgun",
        "inherit_codes": false
        
      },
      {
        "img": "images/settings/gyorgwood.png",
    "codes": "gyorgwood",
    "inherit_codes": false
      },
      {
        "img": "images/settings/gyorgsnow.png",
    "codes": "gyorgsnow",
    "inherit_codes": false
      }
    ]
  },
  {
    "name": "Inverted Stone Tower Location",
    "type": "progressive",
    "initial_stage_idx": 1,
    "allow_disabled": false,
    "loop": true,
    "stages": [
      {
        "img": "images/settings/twin_stone.png",
        "codes": "twinstone,stoneent"
      },
      {
        "img": "images/settings/twinmoldun.png",
        "codes": "twinun",
        "inherit_codes": false
      },
      {
        "img": "images/settings/twin_wood.png",
    "codes": "twinwood",
    "inherit_codes": false
      },
      {
        "img": "images/settings/twin_snow.png",
    "codes": "twinsnow",
    "inherit_codes": false
      },
      {
        "img": "images/settings/twin_bay.png",
    "codes": "twinbay",
    "inherit_codes": false
      }
    ]
  },
  
  // Woodfall Skulltulla
  {
    "name": "Woodfall Skulltullas",
    "type": "consumable",
    "display_as_fraction_of_max": true,
    "img": "images/items/skulltulla_woodfall.png",
    "codes": "skulltulla_woodfall,token_woodfall,woodfall_skulltulla,woodfall_skull,woodfall_token",
    "max_quantity": 30
  },
  
  // Double Defense
  {
    "name": "Red Potion",
    "type": "toggle",
    "img": "images/items/redpotion.png",
    "codes": "redpotionlocated"
  },

  // Spin Attack
  {
    "name": "Blue Potion",
    "type": "toggle",
    "img": "images/items/bluepotion.png",
    "codes": "bluepotionlocated"
  },
  // Great Bay Skulltulla
  {
    "name": "Great Bay Skulltullas",
    "type": "consumable",
    "display_as_fraction_of_max": true,
    "img": "images/items/skulltulla_greatbay.png",
    "codes": "skulltulla_greatbay,token_greatbay,greatbay_skulltulla,greatbay_skull,greatbay_token,great_bay_skulltulla",
    "max_quantity": 30
  },
  
  
  // Progressive Wallet
 {
    "name": "Wallet",
    "type": "progressive",
    "allow_disabled": false,
    "stages": [
      {
        "img": "images/items/wallet99.png",
        "img_mods": "@disabled,overlay|images/system/overlay_99.png",
		"codes": "wallet"
      },
      {
        "img": "images/items/wallet.png",
        "img_mods": "overlay|images/system/overlay_200.png",
		"codes": "adultwallet"
      },
      {
        "img": "images/items/giantwallet.png",
        "img_mods": "overlay|images/system/overlay_500_green.png",
		"codes": "giantwallet"
      }
    ]
  },
  
  // Progressive Magic
  {
    "name": "Magic",
    "type": "progressive",
    "stages": [
      {
        "img": "images/items/magic1.png",
        "codes": "magic"
      },
	  {
        "img": "images/items/magic2.png",
        "codes": "doublemagic,magic2"
      }
    ]
  },
  
  // Deku Mask
  {
    "name": "Deku Mask",
    "type": "toggle",
    "img": "images/items/deku.png",
    "codes": "deku,dekumask,deku_mask"
  },
  
  // Goron Mask
  {
    "name": "Goron Mask",
    "type": "toggle",
    "img": "images/items/goron.png",
    "codes": "goron,goronmask,goron_mask"
  },
  
  // Zora Mask
  {
    "name": "Zora Mask",
    "type": "toggle",
    "img": "images/items/zora.png",
    "codes": "zora,zoramask,zora_mask"
  },
  
  // Fierce Deity Mask
  {
    "name": "Fierce Deity Mask",
    "type": "toggle",
    "img": "images/items/fiercedeity.png",
    "codes": "fiercedeity,fiercedeitymask,fierce_deity_mask,fd,fierce,deity"
  },
  
  // Giant Mask
  {
    "name": "Giant Mask",
    "type": "toggle",
    "img": "images/items/giant.png",
    "codes": "giant,giantmask,giantsmask,giant_mask,giants_mask"
  },
  
  // Blast Mask
  {
    "name": "Blast Mask",
    "type": "toggle",
    "img": "images/items/blast.png",
    "codes": "blast,blastmask,blast_mask"
  },
  
  // All Night Mask
  {
    "name": "All Night Mask",
    "type": "toggle",
    "img": "images/items/allnight.png",
    "codes": "allnight,allnightmask,all_night_mask,allnight_mask"
  },
  
  // Bremen Mask
  {
    "name": "Bremen Mask",
    "type": "toggle",
    "img": "images/items/bremen.png",
    "codes": "bremen,bremenmask,bremen_mask"
  },
  
  // Bunny Hood
  {
    "name": "Bunny Hood",
    "type": "toggle",
    "img": "images/items/bunny.png",
    "codes": "bunny,bunnyhood,bunny_hood"
  },
  
  // Captain Hat
  {
    "name": "Captain Hat",
    "type": "toggle",
    "img": "images/items/captain.png",
    "codes": "captain,captainhat,captainshat,captain_hat,captains_hat"
  },
  
  // Couple Mask
  {
    "name": "Couple Mask",
    "type": "toggle",
    "img": "images/items/couple.png",
    "codes": "couple,couplemask,couple_mask"
  },
  
  // Don Gero Mask
  {
    "name": "Don Gero Mask",
    "type": "toggle",
    "img": "images/items/dongero.png",
    "codes": "dongero,don_gero,dongeromask,dongero_mask,don_gero_mask,frog"
  },
  
  // Don Gero Mask
  {
    "name": "Don Gero Mask",
    "type": "toggle",
    "img": "images/items/dongero.png",
    "codes": "dongero,don_gero,dongeromask,dongero_mask,don_gero_mask,frog"
  },
  
  // Garo Mask
  {
    "name": "Garo Mask",
    "type": "toggle",
    "img": "images/items/garo.png",
    "codes": "garo,garomask,garomaster,garosmask"
  },
  
  // Gibdo Mask
  {
    "name": "Gibdo Mask",
    "type": "toggle",
    "img": "images/items/gibdo.png",
    "codes": "gibdo,gibdomask,gibdosmask"
  },
  
  // Great Fairy Mask
  {
    "name": "Great Fairy Mask",
    "type": "toggle",
    "img": "images/items/greatfairy.png",
    "codes": "fairymask,greatfairymask,great_fairy_mask,fairy_mask"
  },
  
  // Keaton Mask
  {
    "name": "Keaton Mask",
    "type": "toggle",
    "img": "images/items/keaton.png",
    "codes": "keaton,keatonmask,keaton_mask"
  },
  
  // Kafei Mask
  {
    "name": "Kafei Mask",
    "type": "toggle",
    "img": "images/items/kafeimask.png",
    "codes": "kafeimask,kafei_mask"
  },
  
  // Kamaro Mask
  {
    "name": "Kamaro Mask",
    "type": "toggle",
    "img": "images/items/kamaro.png",
    "codes": "kamaro,kamaromask,kamaro_mask"
  },
  
  // Mask of Truth
  {
    "name": "Mask of Truth",
    "type": "toggle",
    "img": "images/items/maskoftruth.png",
    "codes": "maskoftruth,mot,mask_of_truth,truthmask"
  },
  
  // Postman Hat
  {
    "name": "Postman Hat",
    "type": "toggle",
    "img": "images/items/postman.png",
    "codes": "postman,postmanhat,postmanshat,postmans_hat"
  },
  
  // Romani Mask
  {
    "name": "Romani Mask",
    "type": "toggle",
    "img": "images/items/romanimask.png",
    "codes": "romanimask,romani_mask,cowmask,cow_mask,romanismask,romanis_mask"
  },
  
  // Mask of Scents
  {
    "name": "Mask of Scents",
    "type": "toggle",
    "img": "images/items/scents.png",
    "codes": "scents,maskofscents,mos,mask_of_scents"
  },
  
  // Stone Mask
  {
    "name": "Stone Mask",
    "type": "toggle",
    "img": "images/items/stone.png",
    "codes": "stone,stonemask,stone_mask"
  },
  
  // Troupe Leader Mask
  {
    "name": "Troupe Leader Mask",
    "type": "toggle",
    "img": "images/items/troupe.png",
    "codes": "troupe,troupeleader,troupe_leader_mask,troupemask,troupe_mask"
  },
  
  // Odolwa Remains
  {
    "name": "Odolwa Remains",
    "type": "toggle",
    "img": "images/items/odolwa.png",
    "codes": "odolwa,odolwaremains,odolwa_remains"
  },
  
  // Goht Remains
  {
    "name": "Goht Remains",
    "type": "toggle",
    "img": "images/items/goht.png",
    "codes": "goht,gohtremains,goht_remains"
  },
  
  // Gyorg Remains
  {
    "name": "Gyorg Remains",
    "type": "toggle",
    "img": "images/items/gyorg.png",
    "codes": "gyorg,gyorgremains,gyorg_remains"
  },
  
  // Twinmold Remains
  {
    "name": "Twinmold Remains",
    "type": "toggle",
    "img": "images/items/twinmold.png",
    "codes": "twinmold,twinmoldremains,twin,twinmold_remains,twinremains"
  },

  
/*// Moon Tear Trade Sequence
  {
    "name": "Moon Tear Trade",
    "type": "progressive",
    "stages": [
      {
        "img": "images/tear.png",
        "codes": "moontear,tear,moonstear,moon_tear"
      },
      {
        "img": "images/deed1.png",
        "codes": "deed1,towndeed,clockdeed,clocktowndeed",
        "inherit_codes": false
      },
	  {
        "img": "images/deed2.png",
        "codes": "deed2,dekudeed,woodfalldeed,woodfall_deed,swampdeed",
        "inherit_codes": false
      },
	  {
        "img": "images/deed3.png",
        "codes": "deed3,snowheaddeed,snowhead_deed,mountaindeed",
        "inherit_codes": false
      },
	  {
        "img": "images/deed4.png",
        "codes": "deed4,baydeed,greatbaydeed,great_bay_deed,zoradeed,oceandeed",
        "inherit_codes": false
      },
    ]
  },
  
  // Anju Trade Sequence
  {
    "name": "Anju Trade",
    "type": "progressive",
    "stages": [
      {
        "img": "images/roomkey.png",
        "codes": "roomkey,anjukey,room_key"
      },
      {
        "img": "images/delivery.png",
		"codes": "delivery,deliverytomama,delivery_to_mama,specialdelivery,special_delivery",
        "inherit_codes": false
      }
    ]
  },
  
  // Kafei Trade Sequence
  {
    "name": "Kafei Trade",
    "type": "progressive",
    "stages": [
      {
        "img": "images/letter.png",
        "codes": "letter,letterkafei,lettertokafei,anjuletter,anjusletter,letter_to_kafei"
      },
      {
        "img": "images/pendant.png",
		"codes": "pendant,pendantofmemories,pom,pendant_of_memories,kafeipendant,pendantkafei",
        "inherit_codes": false
      }
    ]
  },*/
  
  // Woodfall Label
  {
    "name": "Woodfall Label",
    "type": "static",
    "allow_disabled": false,
    "img": "images/system/label_woodfall.png",
    "codes": "woodfall_label,woodfall_reg"
  },
  
  // Woodfall Stray Fairies
  {
    "name": "Woodfall Stray Fairies",
    "type": "consumable",
    "display_as_fraction_of_max": true,
    "img": "images/items/woodfall_stray_fairy.png",
    "codes": "woodfall_stray_fairies,woodfall_strayfairies,woodfall_stray_fairy,woodfall_strayfairy,woodfall_stray",
    "max_quantity": 15
  },
  
  // Woodfall Small Keys
  {
    "name": "Woodfall Small Keys",
    "type": "progressive",
	"stages": [
      {
	    "img": "images/keys/small_key.png",
		"codes": "woodfall_small_keys,woodfallsmall,woodfallsk"
      }
	]
  },
  
  // Woodfall Boss Key
  {
    "name": "Woodfall Boss Key",
    "type": "toggle",
    "img": "images/keys/bosskey_woodfall.png",
    "codes": "woodfall_boss_key,woodfallboss,woodfallbk"
  },
  
  // Woodfall Prize
  {
    "name": "Woodfall Prize",
    "type": "toggle",
    "img": "images/items/odolwa.png",
    "codes": "woodfall,odolwa"
  },
  // Snowhead Label
  {
    "name": "Snowhead Label",
    "type": "static",
    "allow_disabled": false,
    "img": "images/system/label_snowhead.png",
    "codes": "snowhead_label,snowhead_reg"
  },
  
  // Snowhead Stray Fairies
  {
    "name": "Snowhead Stray Fairies",
    "type": "consumable",
    "display_as_fraction_of_max": true,
    "img": "images/items/snowhead_stray_fairy.png",
    "codes": "snowhead_stray_fairies,snowhead_strayfairies,snowhead_stray_fairy,snowhead_strayfairy,snowhead_stray",
    "max_quantity": 15
  },
  
  // Snowhead Small Keys
  {
    "name": "Snowhead Small Keys",
    "type": "consumable",
    "img": "images/keys/small_key.png",
    "codes": "snowhead_small_keys,snowheadsmall,snowheadsk",
    "max_quantity": 3
  },
  
  // Snowhead Boss Key
  {
    "name": "Snowhead Boss Key",
    "type": "toggle",
    "img": "images/keys/boss_key.png",
    "codes": "snowhead_boss_key,snowheadboss,snowheadbk"
  },
  
  // Snowhead Prize
  {
    "name": "Snowhead Prize",
    "type": "toggle",
    
    "img": "images/items/goht.png",
    "codes": "snowhead,goht",
    "secondary_codes": "goht"
    
  },
  
  // Great Bay Label
  {
    "name": "Great Bay Label",
    "type": "static",
    "allow_disabled": false,
    "img": "images/system/label_greatbay.png",
    "codes": "greatbay_label,greatbay_reg,great_bay_label"
  },
  
  // Great Bay Stray Fairies
  {
    "name": "Great Bay Stray Fairies",
    "type": "consumable",
    "display_as_fraction_of_max": true,
    "img": "images/items/greatbay_stray_fairy.png",
    "codes": "greatbay_stray_fairies,greatbay_strayfairies,greatbay_stray_fairy,greatbay_strayfairy,greatbay_stray,great_bay_stray_fairies",
    "max_quantity": 15
  },
  
  // Great Bay Small Keys
  {
    "name": "Great Bay Small Keys",
    "type": "progressive",
	"stages": [
      {
	    "img": "images/keys/small_key.png",
		"codes": "greatbay_small_keys,greatbaysmall,greatbaysk,great_bay_small_keys,great_bay_small"
      }
	]
  },
  
  // Great Bay Boss Key
  {
    "name": "Great Bay Boss Key",
    "type": "toggle",
    "img": "images/keys/bosskey_greatbay.png",
    "codes": "greatbay_boss_key,greatbayboss,greatbaybk,great_bay_boss_key,great_bay_bk"
  },
  
  // Great Bay Prize
  {
    "name": "Great Bay Prize",
    "type": "toggle",
      "img": "images/items/gyorg.png",
      "codes": "greatbay,gyorg",
      "secondary_codes": "gyorg"
  },
  
  // Stone Tower Label
  {
    "name": "Stone Tower Label",
    "type": "static",
    "allow_disabled": false,
    "img": "images/system/label_stonetower.png",
    "codes": "stonetower_label,stonetower_reg,stone_tower_label"
  },
  
  // Stone Tower Stray Fairies
  {
    "name": "Stone Tower Stray Fairies",
    "type": "consumable",
    "display_as_fraction_of_max": true,
    "img": "images/items/stonetower_stray_fairy.png",
    "codes": "stonetower_stray_fairies,stonetower_strayfairies,stonetower_stray_fairy,stonetower_strayfairy,stonetower_stray,stone_tower_stray_fairies",
    "max_quantity": 15
  },
  
  // Stone Tower Small Keys
  {
    "name": "Stone Tower Small Keys",
    "type": "consumable",
    "img": "images/keys/small_key.png",
    "codes": "stonetower_small_keys,stonetowersmall,stonetowersk,stone_tower_small_keys,stone_tower_small",
    "max_quantity": 4
  },
  
  // Stone Tower Boss Key
  {
    "name": "Stone Tower Boss Key",
    "type": "toggle",
    "img": "images/keys/bosskey_stonetower.png",
    "codes": "stonetower_boss_key,stonetowerboss,stonetowerbk,stone_tower_boss_key,stone_tower_boss"
  },
  
  // Stone Tower Prize
  {
    "name": "Stone Tower Prize",
    "type": "toggle",
    "img": "images/items/twinmold.png",
    "codes": "stonetower,twinmold",
    "secondary_codes": "twinmold"
      
    
  },
  
  // Clock Town Stray Fairies
  {
    "name": "Clock Town Stray Fairies",
    "type": "toggle",
    "img": "images/items/clocktown_stray_fairy.png",
    "codes": "clocktown_stray_fairies,clocktown_strayfairies,clocktown_stray_fairy,clocktown_strayfairy,clocktown_stray"
  },
  
  // Bombers Code 1
  {
    "name": "Bombers Code Digit 1",
    "type": "progressive",
    "allow_disabled": false,
	"loop": true,
    "stages": [
      {
        "img": "images/system/0.png",
        "img_mods": "@disabled",
		"codes": "bomber1,bomberdigit1,bomber_digit_1,bombercode1,bomberscode1,bombers_code1"
      },
      {
        "img": "images/system/1.png"
      },
	  {
        "img": "images/system/2.png"
      },
	  {
        "img": "images/system/3.png"
      },
	  {
        "img": "images/system/4.png"
      },
	  {
        "img": "images/system/5.png"
      }
    ]
  },
  
  // Bombers Code 2
  {
    "name": "Bombers Code Digit 2",
    "type": "progressive",
    "allow_disabled": false,
	"loop": true,
    "stages": [
      {
        "img": "images/system/0.png",
        "img_mods": "@disabled",
		"codes": "bomber2,bomberdigit2,bomber_digit_2,bombercode2,bomberscode2,bombers_code2"
      },
      {
        "img": "images/system/1.png"
      },
	  {
        "img": "images/system/2.png"
      },
	  {
        "img": "images/system/3.png"
      },
	  {
        "img": "images/system/4.png"
      },
	  {
        "img": "images/system/5.png"
      }
    ]
  },
  
  // Bombers Code 3
  {
    "name": "Bombers Code Digit 3",
    "type": "progressive",
    "allow_disabled": false,
	"loop": true,
    "stages": [
      {
        "img": "images/system/0.png",
        "img_mods": "@disabled",
		"codes": "bomber3,bomberdigit3,bomber_digit_3,bombercode3,bomberscode3,bombers_code3"
      },
      {
        "img": "images/system/1.png"
      },
	  {
        "img": "images/system/2.png"
      },
	  {
        "img": "images/system/3.png"
      },
	  {
        "img": "images/system/4.png"
      },
	  {
        "img": "images/system/5.png"
      }
    ]
  },
  
  // Bombers Code 4
  {
    "name": "Bombers Code Digit 4",
    "type": "progressive",
    "allow_disabled": false,
	"loop": true,
    "stages": [
      {
        "img": "images/system/0.png",
        "img_mods": "@disabled",
		"codes": "bomber4,bomberdigit4,bomber_digit_4,bombercode4,bomberscode4,bombers_code4"
      },
      {
        "img": "images/system/1.png"
      },
	  {
        "img": "images/system/2.png"
      },
	  {
        "img": "images/system/3.png"
      },
	  {
        "img": "images/system/4.png"
      },
	  {
        "img": "images/system/5.png"
      }
    ]
  },
  
  // Bombers Code 5
  {
    "name": "Bombers Code Digit 5",
    "type": "progressive",
    "allow_disabled": false,
	"loop": true,
    "stages": [
      {
        "img": "images/system/0.png",
        "img_mods": "@disabled",
		"codes": "bomber5,bomberdigit5,bomber_digit_5,bombercode5,bomberscode5,bombers_code5"
      },
      {
        "img": "images/system/1.png"
      },
	  {
        "img": "images/system/2.png"
      },
	  {
        "img": "images/system/3.png"
      },
	  {
        "img": "images/system/4.png"
      },
	  {
        "img": "images/system/5.png"
      }
    ]
  },
  
  // Heart Pieces
  {
    "name": "Heart Pieces",
    "type": "consumable",
    "img": "images/heartpiece.png",
    "codes": "heartpiece,poh,pieceofheart,piece",
    "max_quantity": 52
  },
  
  // Heart Pieces Progressive
  {
    "name": "Pieces Progressive",
    "type": "progressive",
	"allow_disabled": false,
    "stages": [
      {
        "img": "images/heartpiece.png",
		"img_mods": "@disabled",
        "codes": "heartpiece"
      },
	  {
        "img": "images/heartpiece.png",
      },
	  {
        "img": "images/heartpiece.png",
      },
	  {
        "img": "images/heartpiece.png",
      },
	  {
        "img": "images/heartpiece.png",
      },
	  {
        "img": "images/heartpiece.png",
      },
    ]
  },

  // Heart Container
  {
    "name": "Heart Container",
    "type": "consumable",
    "img": "images/heartcontainer.png",
    "codes": "heartcontainer,container,HC",
    "max_quantity": 4
  },
  
  // Icons for Minimal Layout
  
  // Bombs or Blast Mask
  {
    "name": "Bombs or Blast Mask",
    "type": "toggle",
    "img": "images/items/blastbomb.png",
    "codes": "bombsblast,bombs_blast,blastbombs,bombs_blastmask,blastmask_bombs,blast_bombs"
  },
  
  
  // Fire Arrows and Ice Arrows
 {
    "name": "Fire Arrows and Ice Arrows",
    "type": "composite_toggle",
    "codes": "fireicearrow,fireicearrows,fireice_arrows,fire_ice_arrows,elemental_arrows",
    "item_left": "firearrows",
    "item_right": "icearrows",
    "images": [
      {
        "left": false,
        "right": false,
        "img": "images/items/fireicearrow.png",
        "img_mods": "@disabled"
      },
      {
        "left": true,
        "right": false,
        "img": "images/items/fireicearrow.png",
        "img_mods": "@disabled,overlay|images/firearrow_half.png"
      },
      {
        "left": false,
        "right": true,
        "img": "images/items/fireicearrow.png",
        "img_mods": "@disabled,overlay|images/icearrow_half.png"
      },
      {
        "left": true,
        "right": true,
        "img": "images/items/fireicearrow.png"
      }
    ]
  },
  
  // Bow without Arrows Display
  {
    "name": "Bow",
    "type": "toggle",
    "img": "images/items/bow.png",
    "codes": "bownoammo,bow_no_ammo,bow_noammo,bow_minimal,bowminimal"
  },
  
  // Bombs without Ammo Display
  {
    "name": "Bombs",
    "type": "toggle",
    "img": "images/items/bomb.png",
    "codes": "bombsnoammo,bombbagnoammo,bombnoammo,bombs_no_ammo,bombs_noammo"
  },
  
  // Hero Shield Static
  {
    "name": "Hero Shield",
    "type": "toggle",
    "img": "images/items/shield.png",
    "codes": "shield_static,shield1_static,heroshield_static,hylianshield_static"
  },
  
  // Mirror Shield Static
  {
    "name": "Mirror Shield",
    "type": "toggle",
    "img": "images/items/mirror.png",
    "codes": "mirror_static,mirrorshield_static,mirror_shield_static,shield2_static"
  },
  
  // Kokiri Sword Static
  {
    "name": "Kokiri Sword",
    "type": "toggle",
    "img": "images/items/kokiri.png",
    "codes": "kokirisword_static,kokiri_static,sword1_static"
  },
  
  // Razor Sword Static
  {
    "name": "Razor Sword",
    "type": "toggle",
    "img": "images/items/razor.png",
    "codes": "razorsword,razor,sword2"
  },
  
  // Gilded Sword Static
  {
    "name": "Gilded Sword",
    "type": "toggle",
    "img": "images/items/gilded.png",
    "codes": "gildedsword,gilded,sword3"
  },
  
  // Gibdo Mask and Garo Mask
  {
    "name": "Gibdo Mask and Garo Mask",
    "type": "composite_toggle",
    "codes": "gibdogaro,gibdo_garo,garogibdo,garo_gibdo,gibdoomask_garomask",
    "item_left": "gibdo",
    "item_right": "garo",
    "images": [
      {
        "left": false,
        "right": false,
        "img": "images/items/gibdo_garo.png",
        "img_mods": "@disabled"
      },
      {
        "left": true,
        "right": false,
        "img": "images/items/gibdo_garo.png",
        "img_mods": "@disabled,overlay|images/gibdo_half.png"
      },
      {
        "left": false,
        "right": true,
        "img": "images/items/gibdo_garo.png",
        "img_mods": "@disabled,overlay|images/garo_half.png"
      },
      {
        "left": true,
        "right": true,
        "img": "images/items/gibdo_garo.png"
      }
    ]
  },
  
  // Zora Egg Static
  {
    "name": "Zora Egg",
    "type": "toggle",
    "img": "images/items/zoraegg.png",
    "codes": "zoraegg_static,zoraegg_bottle_static,bottle_egg_static,bottlezoraegg_static,bottleegg_static"
  },
  
  // Red Potion Static
  {
    "name": "Red Potion",
    "type": "toggle",
    "img": "images/items/redpotion.png",
    "codes": "redpotion_static,bottle_red_static,bottlered_static,bottle_red_potion_static,bottle_redpotion_static"
  },
  {
    "name": "Blue Potion",
    "type": "toggle",
    "img": "images/items/bluepotion.png",
    "codes": "bluepotion_static"
  },
  {
    "name": "Chateau",
    "type": "toggle",
    "img": "images/items/chateau.png",
    "codes": "chateau_static"
  },
  {
    "name": "Seahorse",
    "type": "toggle",
    "img": "images/items/seahorse.png",
    "codes": "seahorse_static"
  },
  
  // Deku Princess Static
  {
    "name": "Deku Princess",
    "type": "toggle",
    "img": "images/items/dekuprincess.png",
    "codes": "dekuprincess_static,bottledekuprincess_static,bottledeku_static,bottle_deku_princess_static"
  },
  {
    "name": "Poe",
    "type": "toggle",
    "img": "images/items/bottle_poe.png",
    "codes": "poe"
  },
  
  // Gold Dust Static
  {
    "name": "Gold Dust",
    "type": "toggle",
    "img": "images/items/dust.png",
    "codes": "bottledust_static,bottle_dust_static,golddust_static,gold_dust_static"
  },
  
  // Hot Spring Water Static
  {
    "name": "Hot Spring Water",
    "type": "toggle",
    "img": "images/items/springwater.png",
    "codes": "hotspringwater_static,hot_spring_water_static,hot_static,hotwater_static,hot_water_static,spring_water_hot_static"
  },
  
  // Big Poe Static
  {
    "name": "Big Poe",
    "type": "toggle",
    "img": "images/items/bigpoe.png",
    "codes": "bigpoe_static,big_poe_static"
  },
  
  // Small Key Generic
  {
    "name": "Small Keys",
    "type": "toggle",
	"img": "images/keys/small_key.png",
	"codes": "generic_small_key,small_key_generic,smallkey_generic,generic_smallkey"
  },
  
  // Boss Key Generic
  {
    "name": "Boss Key",
    "type": "toggle",
    "img": "images/keys/boss_key.png",
    "codes": "generic_boss_key,boss_key_generic,bosskey_generic,generic_bosskey"
  },
  
  // Woodfall Small Keys Static
  {
    "name": "Woodfall Small Keys",
    "type": "toggle",
	"img": "images/keys/smallkey_woodfall.png",
	"codes": "woodfall_small_keys_static,woodfallsmall_static,woodfallsk_static"
  },
  
  // Woodfall Boss Key Static
  {
    "name": "Woodfall Boss Key",
    "type": "toggle",
    "img": "images/keys/bosskey_woodfall.png",
    "codes": "woodfall_boss_key_static,woodfallboss_static,woodfallbk_static"
  },
  
  // Snowhead Small Keys Static
  {
    "name": "Snowhead Small Keys",
    "type": "toggle",
	"img": "images/keys/smallkey_snowhead.png",
	"codes": "snowhead_small_keys_static,snowheadsmall_static,snowheadsk_static"
  },
  
  // Snowhead Boss Key Static
  {
    "name": "Snowhead Boss Key",
    "type": "toggle",
    "img": "images/keys/boss_key.png",
    "codes": "snowhead_boss_key_static,snowheadboss_static,snowheadbk_static"
  },
  
  // Great Bay Small Keys Static
  {
    "name": "Great Bay Small Keys",
    "type": "toggle",
	"img": "images/keys/smallkey_greatbay.png",
	"codes": "greatbay_small_keys_static,greatbaysmall_static,greatbaysk_static,great_bay_small_keys_static,great_bay_small_static"
  },
  
  // Great Bay Boss Key Static
  {
    "name": "Great Bay Boss Key",
    "type": "toggle",
    "img": "images/keys/bosskey_greatbay.png",
    "codes": "greatbay_boss_key_static,greatbayboss_static,greatbaybk_static,great_bay_boss_key_static,great_bay_bk_static"
  },
  
  // Stone Tower Small Keys Static
  {
    "name": "Stone Tower Small Keys",
    "type": "toggle",
	"img": "images/keys/smallkey_stonetower.png",
	"codes": "stonetower_small_keys_static,stonetowersmall_static,stonetowersk_static,stone_tower_small_keys_static,stone_tower_small_static"
  },
  
  // Stone Tower Boss Key Static
  {
    "name": "Stone Tower Boss Key",
    "type": "toggle",
    "img": "images/keys/bosskey_stonetower.png",
    "codes": "stonetower_boss_key_static,stonetowerboss_static,stonetowerbk_static,stone_tower_boss_key_static,stone_tower_boss_static"
  },
  
  // Moon Tear Static
  {
    "name": "Moon Tear",
    "type": "toggle",
    "img": "images/items/tear.png",
    "codes": "moontear,tear,moonstear,moon_tear"
  },
  
  // Town Title Deed Static
  {
    "name": "Town Title Deed",
    "type": "toggle",
    "img": "images/items/deed1.png",
    "codes": "deed1,towndeed,clockdeed,clocktowndeed"
  },
  
  // Swamp Title Deed Static
  {
    "name": "Swamp Title Deed",
    "type": "toggle",
    "img": "images/items/deed2.png",
    "codes": "deed2,dekudeed,woodfalldeed,woodfall_deed,swampdeed"
  },
  
  // Mountain Title Deed Static
  {
    "name": "Mountain Title Deed",
    "type": "toggle",
    "img": "images/items/deed3.png",
    "codes": "deed3,snowheaddeed,snowhead_deed,mountaindeed"
  },
  
  // Ocean Title Deed Static
  {
    "name": "Ocean Title Deed",
    "type": "toggle",
    "img": "images/items/deed4.png",
    "codes": "deed4,baydeed,greatbaydeed,great_bay_deed,zoradeed,oceandeed"
  },
  
  // Room Key Static
  {
    "name": "Room Key Static",
    "type": "toggle",
    "img": "images/items/roomkey.png",
    "codes": "roomkey,anjukey,room_key"
  },
  
  // Special Delivery Static
  {
    "name": "Special Delivery",
    "type": "toggle",
    "img": "images/items/delivery.png",
    "codes": "delivery,deliverytomama,delivery_to_mama,specialdelivery,special_delivery"
  },
  
  // Letter to Kafei Static
  {
    "name": "Letter to Kafei",
    "type": "toggle",
    "img": "images/items/letter.png",
    "codes": "letter,letterkafei,lettertokafei,anjuletter,anjusletter,letter_to_kafei"
  },
  
  // Pendant Static
  {
    "name": "Pendant of Memories",
    "type": "toggle",
    "img": "images/items/pendant.png",
    "codes": "pendant,pendantofmemories,pom,pendant_of_memories,kafeipendant,pendantkafei"
  },
  
  // Adult Wallet Static
  {
    "name": "Adult Wallet",
    "type": "toggle",
    "img": "images/items/wallet.png",
    "codes": "adultwallet_static,adultwalletstatic,walletstatic"
  },
  
  // Giant Wallet Static
  {
    "name": "Giant Wallet",
    "type": "toggle",
    "img": "images/items/giantwallet.png",
    "codes": "giantwallet_static,giantwalletstatic"
  },
  //Tricks
  {
    "name": "Climb around the bat blocking the swamp path tree.",
    "type": "toggle",
    "img": "images/tricks/swamp_tree.png",
    "codes": "swamptree"
  },
  {
    "name": "Hookshot the beehive in the Baba grotto.",
    "type": "toggle",
    "img": "images/tricks/baba_hive.png",
    "codes": "babahive"
  },
  {
    "name": "Backflip over the bomber guarding the Clock Town tunnel.",
    "type": "toggle",
    "img": "images/tricks/guard_skip.png",
    "codes": "guardskip"
  },
  {
    "name": "Pause until 5:15 AM.",
    "type": "toggle",
    "img": "images/tricks/bowless_aliens.png",
    "codes": "bowlessaliens"
  },
  {
    "name": "Ocean Spider House mask code with brute force.",
    "type": "toggle",
    "img": "images/tricks/bfosh.png",
    "codes": "oshbf"
  },
  {
    "name": "Stone Tower with one transformation mask. Can be done with good hookshot and block use.",
    "type": "toggle",
    "img": "images/tricks/ostt.png",
    "codes": "ostt"
  },
  {
    "name": "Clip through the balloon leading to the Clock Town tunnels from behind.",
    "type": "toggle",
    "img": "images/tricks/bomberback.png",
    "codes": "bomberback"
  },
  {
    "name": "The corner cow in Romani Ranch's barn. Not in logic otherwise.",
    "type": "toggle",
    "img": "images/tricks/closecows.png",
    "codes": "closecows"
  },
  {
    "name": "Jump over the guards outside Deku Palace.",
    "type": "toggle",
    "img": "images/tricks/dekuskip.png",
    "codes": "dekuskip"
  },
  {
    "name": "Deku Palace back shortcut. Backflip onto the doorframe/wall to skip the flyover.",
    "type": "toggle",
    "img": "images/tricks/beanskip.png",
    "codes": "beanskip"
  },
  {
    "name": "Combat with only Deku Sticks.",
    "type": "toggle",
    "img": "images/tricks/stickfighting.png",
    "codes": "stickfighting"
  },
  {
    "name": "Expects dog race to have good RNG.",
    "type": "toggle",
    "img": "images/tricks/racenomask.png",
    "codes": "racenomask"
  },
  {
    "name": "Backwalk up the slope leading out of the spider house.",
    "type": "toggle",
    "img": "images/tricks/oshbw.png",
    "codes": "oshbw"
  },
  {
    "name": "Backflip, then retarget and press forward one frame later.",
    "type": "toggle",
    "img": "images/tricks/gainer.png",
    "codes": "gainer"
  },
  {
    "name": "Great Bay Fire Arrow Skip.",
    "type": "toggle",
    "img": "images/tricks/gbtfa.png",
    "codes": "gbtfa"
  },
  {
    "name": "Jump to the Boss Key chest.",
    "type": "toggle",
    "img": "images/tricks/gbtbkfl.png",
    "codes": "gbtbkfl"
  },
  {
    "name": "Skip the Ice Arrows in Great Bay Temple.",
    "type": "toggle",
    "img": "images/tricks/gbtia.png",
    "codes": "gbtia"
  },
  {
    "name": "Boss Key jump without Ice Arrows.",
    "type": "toggle",
    "img": "images/tricks/gbtbkil.png",
    "codes": "gbtbkil"
  },
  {
    "name": "Use Goron and Bombs to blast over fences.",
    "type": "toggle",
    "img": "images/tricks/goronfence.png",
    "codes": "goronfence"
  },
  {
    "name": "Clip through geometry using a Goron pound. Swamp and Bay scrub Heart Pieces.",
    "type": "toggle",
    "img": "images/tricks/goronledge.png",
    "codes": "goronledge"
  },
  {
    "name": "Only 125 combinations!",
    "type": "toggle",
    "img": "images/tricks/bombernothing.png",
    "codes": "bombernothing"
  },
  {
    "name": "Bomb switches behind walls.",
    "type": "toggle",
    "img": "images/tricks/switchwall.png",
    "codes": "switchwalls"
  },
  {
    "name": "Hookshot the tree from across the river.",
    "type": "toggle",
    "img": "images/tricks/icelesscanyon.png",
    "codes": "icelesscanyon"
  },
  {
    "name": "Skip the falling ceiling room in Ikana Castle.",
    "type": "toggle",
    "img": "images/tricks/ikanaceiling.png",
    "codes": "ikanaceiling"
  },
  {
    "name": "Get to the balcony of Stock Pot Inn as a Zora.",
    "type": "toggle",
    "img": "images/tricks/balconyzora.png",
    "codes": "balconyzora"
  },
    {
    "name": "Inverted Stone Tower Temple Boss Key Early",
    "type": "toggle",
    "img": "images/tricks/isttbkearly.png",
    "codes": "isttbkearly"
  },
  {
    "name": "Inverted Stone Tower Temple Eyegore Hookshot",
    "type": "toggle",
    "img": "images/tricks/istteyehook.png",
    "codes": "istteyehook"
  },
  {
    "name": "Inverted Stone Tower Temple Updraft Room as Human",
    "type": "toggle",
    "img": "images/tricks/isttuphuman.png",
    "codes": "isttuphuman"
  },
  {
    "name": "Jump Slash Through One Sided Collision",
    "type": "toggle",
    "img": "images/tricks/geometryjump.png",
    "codes": "geometryjump"
  },
  {
    "name": "Knock Tingle down with a jump slash.",
    "type": "toggle",
    "img": "images/tricks/towntinglejump.png",
    "codes": "towntinglejump"
  },
  {
    "name": "Bow or Boomerang the Big Octo to access the shrine early.",
    "type": "toggle",
    "img": "images/tricks/shrineocto.png",
    "codes": "shrineocto"
  },
  {
    "name": "Open invisible chests without the Lens of Truth.",
    "type": "toggle",
    "img": "images/tricks/lens_chests.png",
    "codes": "lens_chests"
  },
  {
    "name": "Climb invisible walls without the Lens of Truth.",
    "type": "toggle",
    "img": "images/tricks/lens_climb.png",
    "codes": "lens_climb"
  },
  {
    "name": "Cross invisible platforms without the Lens of Truth.",
    "type": "toggle",
    "img": "images/tricks/lens_walk.png",
    "codes": "lens_walk"
  },
  {
    "name": "Jump across invisible platforms without the Lens of Truth.",
    "type": "toggle",
    "img": "images/tricks/lens_jump.png",
    "codes": "lens_jump"
  },
  {
    "name": "Shoot through invisible walls and ceilings without the Lens of Truth.",
    "type": "toggle",
    "img": "images/tricks/lens_walls.png",
    "codes": "lens_walls"
  },
  {
    "name": "Use Bombs at the edge of a ledge to gain distance.",
    "type": "toggle",
    "img": "images/tricks/longjump.png",
    "codes": "longjump"
  },
  {
    "name": "Snowhead Temple without Goron Lullaby",
    "type": "toggle",
    "img": "images/tricks/lullabyskip.png",
    "codes": "lullabyskip"
  },
  {
    "name": "Ocean Spider House without Fire Arrows",
    "type": "toggle",
    "img": "images/tricks/oshfl.png",
    "codes": "oshfl"
  },
  {
    "name": "Clip through the rafters in the storage room in the Ocean Spider House",
    "type": "toggle",
    "img": "images/tricks/oshstorageclip.png",
    "codes": "oshstorage"
  },
  {
    "name": "Roll on the snow along the sides.",
    "type": "toggle",
    "img": "images/tricks/snowheadmagic.png",
    "codes": "snowheadmagic"
  },
  {
    "name": "Pirate Fortress Guard Room Rear Entry",
    "type": "toggle",
    "img": "images/tricks/pfguard.png",
    "codes": "pfguard"
  },
  {
    "name": "Pinnacle Rock Sign Maze without Seahorse",
    "type": "toggle",
    "img": "images/tricks/pinnaclehorse.png",
    "codes": "pinnaclehorse"
  },
  {
    "name": "Poison Swamp Access with Goron",
    "type": "toggle",
    "img": "images/tricks/poisongoron.png",
    "codes": "poisongoron"
  },
  {
    "name": "Run through the Poison Swamp as Zora.",
    "type": "toggle",
    "img": "images/tricks/poisonzora.png",
    "codes": "poisonzora"
  },
  {
    "name": "Count to 10.",
    "type": "toggle",
    "img": "images/tricks/postmanhood.png",
    "codes": "postmanhood"
  },
  {
    "name": "Toilet Hand with Letter to Mama. Usually gets replaced by Room Key.",
    "type": "toggle",
    "img": "images/tricks/queststorage.png",
    "codes": "queststorage"
  },
  {
    "name": "Scarecrow's Song in obscure locations.",
    "type": "toggle",
    "img": "images/tricks/scarecrow.png",
    "codes": "scarecrow"
  },
  {
    "name": "Twinmold with bow.",
    "type": "toggle",
    "img": "images/tricks/twinbow.png",
    "codes": "twinbow"
  },
  {
    "name": "Snowhead Temple Stray Fairy Jumps",
    "type": "toggle",
    "img": "images/tricks/shtfairy.png",
    "codes": "shtfairy"
  },
  {
    "name": "Snowhead Temple Pillar Skip",
    "type": "toggle",
    "img": "images/tricks/pillarskip.png",
    "codes": "pillarskip"
  },
  {
    "name": "Jumps in Snowhead Temple as Zora.",
    "type": "toggle",
    "img": "images/tricks/shtzora.png",
    "codes": "shtzora"
  },
  {
    "name": "Freeze the water, then light the sun.",
    "type": "toggle",
    "img": "images/tricks/stice.png",
    "codes": "stice"
  },
  {
    "name": "Bomb Captain Keeta to stun him.",
    "type": "toggle",
    "img": "images/tricks/keetabomb.png",
    "codes": "keetabomb"
  },
  {
    "name": "Swim side to side to avoid the fish.",
    "type": "toggle",
    "img": "images/tricks/zoraswim.png",
    "codes": "zoraswim"
  },
  {
    "name": "Take Damage/Damage Boosting",
    "type": "toggle",
    "img": "images/tricks/damage.png",
    "codes": "damage"
  },
  {
    "name": "Walk up the stump in Termina Field.",
    "type": "toggle",
    "img": "images/tricks/nostump.png",
    "codes": "nostump"
  },
  {
    "name": "Hookshot the torch on the second floor.",
    "type": "toggle",
    "img": "images/tricks/wft2f.png",
    "codes": "wft2f"
  },
  {
    "name": "Climb the furniture in Lulu's room.",
    "type": "toggle",
    "img": "images/tricks/zoraledge.png",
    "codes": "zoraledge"
  },

  
  // Purple Rupee
  {
    "name": "Purple Rupee",
    "type": "toggle",
    "img": "images/purple.png",
    "codes": "50rupees,50rupee,purplerupee,purple_rupee"
  },
  
  // Silver Rupee
  {
    "name": "Silver Rupee",
    "type": "toggle",
    "img": "images/silver.png",
    "codes": "100rupees,100rupee,silverrupee,silver_rupee"
  },
  {
    "name": "Town Title Deed Capturable",
    "type": "toggle",
    "img": "images/items_capture/deed1.png",
    "codes": "deed1cap"
  },
  {
    "name": "Swamp Title Deed Capturable",
    "type": "toggle",
    "img": "images/items_capture/deed2.png",
    "codes": "deed2cap"
  },
  {
    "name": "Mountain Title Deed Capturable",
    "type": "toggle",
    "img": "images/items_capture/deed3.png",
    "codes": "deed3cap"
  },
  {
    "name": "Ocean Title Deed Capturable",
    "type": "toggle",
    "img": "images/items_capture/deed4.png",
    "codes": "deed4cap"
  },
  {
    "name": "Chateau Romani Capturable",
    "type": "toggle",
	"img": "images/items_capture/chateau.png",
    "codes": "chateau_staticcap"
  },
  {
    "name": "Woodfall Small Keys Capturable",
    "type": "toggle",
	"img": "images/items_capture/smallkey_woodfall.png",
	"codes": "woodfall_small_keys_staticcap,woodfallsmall_static,woodfallsk_static"
  },
  
  {
    "name": "Woodfall Boss Key Capturable",
    "type": "toggle",
    "img": "images/items_capture/bosskey_woodfall.png",
    "codes": "woodfall_boss_key_staticcap,woodfallboss_static,woodfallbk_static"
  },
  {
    "name": "Snowhead Small Keys Capturable",
    "type": "toggle",
	"img": "images/items_capture/smallkey_snowhead.png",
	"codes": "snowhead_small_keys_staticcap"
  },
  
  {
    "name": "Snowhead Boss Key Capturable",
    "type": "toggle",
    "img": "images/items_capture/boss_key.png",
    "codes": "snowhead_boss_key_staticcap"
  },
  {
    "name": "Great Bay Small Keys Capturable",
    "type": "toggle",
	"img": "images/items_capture/smallkey_greatbay.png",
	"codes": "greatbay_small_keys_staticcap"
  },
  
  {
    "name": "Great Bay Boss Key Capturable",
    "type": "toggle",
    "img": "images/items_capture/bosskey_greatbay.png",
    "codes": "greatbay_boss_key_staticcap"
  },
  {
    "name": "Stone Tower Small Keys Capturable",
    "type": "toggle",
	"img": "images/items_capture/smallkey_stonetower.png",
	"codes": "stonetower_small_keys_staticcap"
  },
  
  {
    "name": "Stone Tower Boss Key Capturable",
    "type": "toggle",
    "img": "images/items_capture/bosskey_stonetower.png",
    "codes": "stonetower_boss_key_staticcap"
  },
  {
    "name": "Moon Tear Capturable",
    "type": "toggle",
    "img": "images/items_capture/tear.png",
    "codes": "moontearcap,tear,moonstear,moon_tear"
  },
  {
    "name": "Seahorse Capturable",
    "type": "toggle",
    "img": "images/items_capture/seahorse.png",
    "codes": "seahorse_staticcap"
  },
  {
    "name": "Blue Potion Capturable",
    "type": "toggle",
    "img": "images/items_capture/bluepotion.png",
    "codes": "bluepotion_staticcap"
  },
  {
    "name": "Red Potion Capturable",
    "type": "toggle",
    "img": "images/items_capture/redpotion.png",
    "codes": "redpotion_staticcap"
  },
  {
    "name": "Letter Capturable",
    "type": "toggle",
    "img": "images/items_capture/letter.png",
    "codes": "lettercap"
  },
  {
    "name": "Pendant Capturable",
    "type": "toggle",
    "img": "images/items_capture/pendant.png",
    "codes": "pendantcap"
  },
  {
    "name": "Dust Capturable",
    "type": "toggle",
    "img": "images/items_capture/dust.png",
    "codes": "golddust_staticcap"
  },
  {
    "name": "Milk Capturable",
    "type": "toggle",
    "img": "images/items_capture/milk.png",
    "codes": "milklocatedcap"
  },
  {
    "name": "Room Key Capturable",
    "type": "toggle",
    "img": "images/items_capture/roomkey.png",
    "codes": "roomkeycap"
  },
  {
    "name": "Delivery Capturable",
    "type": "toggle",
    "img": "images/items_capture/delivery.png",
    "codes": "deliverycap"
  },
  {
    "name": "All Night Capturable",
    "type": "toggle",
    "img": "images/items_capture/allnight.png",
    "codes": "allnightcap"
  },
  {
    "name": "Magic Bean Capturable",
    "type": "toggle",
    "img": "images/items_capture/bean.png",
    "codes": "beancap"
  },
  {
    "name": "Blast Capturable",
    "type": "toggle",
    "img": "images/items_capture/blast.png",
    "codes": "blastcap"
  },
  {
    "name": "Bombs Capturable",
    "type": "toggle",
    "img": "images/items_capture/bomb.png",
    "codes": "bombscap"
  },
  {
    "name": "Bombchus Capturable",
    "type": "toggle",
    "img": "images/items_capture/bombchu.png",
    "codes": "bombchucap"
  },
  {
    "name": "Kafei Mask Capturable",
    "type": "toggle",
    "img": "images/items_capture/kafeimask.png",
    "codes": "kafeicap"
  },
  {
    "name": "Light Arrows Capturable",
    "type": "toggle",
    "img": "images/items_capture/lightarrow.png",
    "codes": "lightarrowscap"
  },
  {
    "name": "Fire Arrows Capturable",
    "type": "toggle",
    "img": "images/items_capture/firearrow.png",
    "codes": "firearrowscap"
  },
  {
    "name": "Ice Arrows Capturable",
    "type": "toggle",
    "img": "images/items_capture/icearrow.png",
    "codes": "icearrowscap"
  },
  {
    "name": "Kokiri Sword Capturable",
    "type": "toggle",
    "img": "images/items_capture/kokiri.png",
    "codes": "kokiriswordstaticcap"
  },
  {
    "name": "Mirror Shield Capturable",
    "type": "toggle",
    "img": "images/items_capture/mirror.png",
    "codes": "mirrorshieldcap"
  },
  {
    "name": "Razor Sword Capturable",
    "type": "toggle",
    "img": "images/items_capture/razor.png",
    "codes": "razorswordcap"
  },
  {
    "name": "Gilded Sword Capturable",
    "type": "toggle",
    "img": "images/items_capture/gilded.png",
    "codes": "gildedswordcap"
  },
  {
    "name": "Fairy Sword Capturable",
    "type": "toggle",
    "img": "images/items_capture/fairysword.png",
    "codes": "fairyswordcap"
  },
  {
    "name": "Postman's Hat Capturable",
    "type": "toggle",
    "img": "images/items_capture/postman.png",
    "codes": "postmancap"
  },
  {
    "name": "Hookshot Capturable",
    "type": "toggle",
    "img": "images/items_capture/hookshot.png",
    "codes": "hookshotcap"
  },
  {
    "name": "Stone Mask Capturable",
    "type": "toggle",
    "img": "images/items_capture/stone.png",
    "codes": "stonecap"
  },
  {
    "name": "Bow",
    "type": "toggle",
    "img": "images/items_capture/bow.png",
    "codes": "bowcap"
  },
  {
    "name": "Keaton Mask",
    "type": "toggle",
    "img": "images/items_capture/keaton.png",
    "codes": "keatoncap"
  },
  {
    "name": "Magic",
    "type": "toggle",
    "img": "images/items_capture/magic.png",
    "codes": "magiccap"
  },
  {
    "name": "Keg",
    "type": "toggle",
    "img": "images/items_capture/keg.png",
    "codes": "kegcap"
  },
  {
    "name": "Fairy Mask",
    "type": "toggle",
    "img": "images/items_capture/greatfairy.png",
    "codes": "fairymaskcap"
  },
  {
    "name": "Lens",
    "type": "toggle",
    "img": "images/items_capture/lens.png",
    "codes": "lenscap"
  },
  {
    "name": "Bremen Mask",
    "type": "toggle",
    "img": "images/items_capture/bremen.png",
    "codes": "brememncap"
  },
  {
    "name": "Bunny Hood",
    "type": "toggle",
    "img": "images/items_capture/bunny.png",
    "codes": "bunnycap"
  },
  {
    "name": "Don Gero's Mask Cap",
    "type": "toggle",
    "img": "images/items_capture/dongero.png",
    "codes": "dongerocap"
  },
  {
    "name": "Scents Mask Cap",
    "type": "toggle",
    "img": "images/items_capture/scents.png",
    "codes": "scentscap"
  },
  {
    "name": "Clock Town Stray Fairy",
    "type": "toggle",
    "img": "images/items_capture/clocktown_stray_fairy.png",
    "codes": "clocktown_stray_fairycap"
  },
  {
    "name": "Woodfall Stray Fairy",
    "type": "toggle",
    "img": "images/items_capture/woodfall_stray_fairy.png",
    "codes": "woodfall_stray_fairiescap"
  },
  {
    "name": "Snowhead Stray Fairy",
    "type": "toggle",
    "img": "images/items_capture/snowhead_stray_fairy.png",
    "codes": "snowhead_stray_fairiescap"
  },
  {
    "name": "Great Bay Stray Fairy",
    "type": "toggle",
    "img": "images/items_capture/greatbay_stray_fairy.png",
    "codes": "greatbay_stray_fairiescap"
  },
  {
    "name": "Stone Tower Stray Fairy",
    "type": "toggle",
    "img": "images/items_capture/stonetower_stray_fairy.png",
    "codes": "stonetower_stray_fairiescap"
  },
  {
    "name": "Romani Mask",
    "type": "toggle",
    "img": "images/items_capture/romanimask.png",
    "codes": "romanicap"
  },
  {
    "name": "Circus Leader Mask",
    "type": "toggle",
    "img": "images/items_capture/troupe.png",
    "codes": "troupecap"
  },
  {
    "name": "Couple's Mask",
    "type": "toggle",
    "img": "images/items_capture/couple.png",
    "codes": "couplecap"
  },
  {
    "name": "Bottle",
    "type": "toggle",
    "img": "images/items_capture/bottle.png",
    "codes": "bottlecap"
  },
  {
    "name": "Bottle",
    "type": "toggle",
    "img": "images/items_capture/bottle.png",
    "codes": "bottlecap"
  },
  {
    "name": "Kamaro Mask",
    "type": "toggle",
    "img": "images/items_capture/kamaro.png",
    "codes": "kamarocap"
  },
  {
    "name": "Mask of Truth",
    "type": "toggle",
    "img": "images/items_capture/maskoftruth.png",
    "codes": "truthcap"
  },
  {
    "name": "Woodfall Token",
    "type": "toggle",
    "img": "images/items_capture/skulltulla_woodfall.png",
    "codes": "woodskullcap"
  },
  {
    "name": "Bay Token",
    "type": "toggle",
    "img": "images/items_capture/skulltulla_greatbay.png",
    "codes": "bayskullcap"
  },
  {
    "name": "Garo Mask",
    "type": "toggle",
    "img": "images/items_capture/garo.png",
    "codes": "garocap"
  },
  {
    "name": "Gibdo Mask",
    "type": "toggle",
    "img": "images/items_capture/gibdo.png",
    "codes": "gibdocap"
  },
  {
    "name": "Song of Time",
    "type": "toggle",
    "img": "images/items_capture/songoftime.png",
    "codes": "timecap"
  },
  {
    "name": "Song of Healing",
    "type": "toggle",
    "img": "images/items_capture/healing.png",
    "codes": "healcap"
  },
  {
    "name": "Epona's Song",
    "type": "toggle",
    "img": "images/items_capture/epona.png",
    "codes": "eponacap"
  },
  {
    "name": "Song of Soaring",
    "type": "toggle",
    "img": "images/items_capture/soaring.png",
    "codes": "soaringcap"
  },
  {
    "name": "Song of Storms",
    "type": "toggle",
    "img": "images/items_capture/songofstorms.png",
    "codes": "stormscap"
  },
  {
    "name": "Captain's Hat",
    "type": "toggle",
    "img": "images/items_capture/captain.png",
    "codes": "captaincap"
  },
  {
    "name": "Giant's Mask",
    "type": "toggle",
    "img": "images/items_capture/giant.png",
    "codes": "giantcap"
  },
  {
    "name": "Sonata of Awakening",
    "type": "toggle",
    "img": "images/items_capture/sonata.png",
    "codes": "sonatacap"
  },
  {
    "name": "Goron Lullaby",
    "type": "toggle",
    "img": "images/items_capture/lullaby.png",
    "codes": "lullabycap"
  },
  {
    "name": "New Wave Bossa Nova",
    "type": "toggle",
    "img": "images/items_capture/bossanova.png",
    "codes": "novacap"
  },
  {
    "name": "Elegy of Emptiness",
    "type": "toggle",
    "img": "images/items_capture/elegy.png",
    "codes": "elegycap"
  },
  {
    "name": "Oath to Order",
    "type": "toggle",
    "img": "images/items_capture/oath.png",
    "codes": "oathcap"
  },
  {
    "name": "Deku Mask",
    "type": "toggle",
    "img": "images/items_capture/deku.png",
    "codes": "dekucap"
  },
  {
    "name": "Goron Mask",
    "type": "toggle",
    "img": "images/items_capture/goron.png",
    "codes": "goroncap"
  },
  {
    "name": "Zora Mask",
    "type": "toggle",
    "img": "images/items_capture/zora.png",
    "codes": "zoracap"
  },
  {
    "name": "Fierce Deity's Mask",
    "type": "toggle",
    "img": "images/items_capture/fiercedeity.png",
    "codes": "deitycap"
  },
  {
    "name": "Pictobox",
    "type": "toggle",
    "img": "images/items_capture/box.png",
    "codes": "pictocap"
  },
  {
    "name": "Magic Bean",
    "type": "toggle",
    "img": "images/items_capture/bean.png",
    "codes": "beancap"
  },
  {
    "name": "Giant Wallet",
    "type": "toggle",
    "img": "images/items_capture/giantwallet.png",
    "codes": "giantwcap"
  },
  {
    "name": "Adult Wallet",
    "type": "toggle",
    "img": "images/items_capture/wallet.png",
    "codes": "adultwcap"
  },
]
