[

  {
    "name": "Woodfall Location",
    "type": "progressive",
    "allow_disabled": false,
    "loop": true,
    "stages": [
      {
        "img": "images/odolwa_woodfall.png",
        "codes": "odolwawood,woodent"
      },
      {
        "img": "images/odolwa_snowhead.png",
		"codes": "odolwasnow",
		"inherit_codes": false
      },
      {
        "img": "images/odolwa_greatbay.png",
		"codes": "odolwabay",
		"inherit_codes": false
      },
      {
        "img": "images/odolwa_stonetower.png",
		"codes": "odolwastone",
		"inherit_codes": false
      }
    ]
  },
  
  {
    "name": "Bottlesanity",
    "type": "progressive",
    "allow_disabled": false,
    "loop": true,
    "stages": [
      {
        "img": "images/bottlesanity_no.png",
        "codes": "bottlesanity,bottlesanity_no"
      },
      {
        "img": "images/bottlesanity_yes.png",
        "codes": "bottlesanity,bottlesanity_yes",
        "inherit_codes": false
      }
    ]
  },

  {
    "name": "Cowsanity",
    "type": "progressive",
    "allow_disabled": false,
    "loop": true,
    "stages": [
      {
        "img": "images/cowsanity_off.png",
        "codes": "cowsanity_no,cowsanity"
      },
      {
        "img": "images/cowsanity_on.png",
        "codes": "cowsanity_yes,cowsanity",
        "inherit_codes": false
      }
    ]
  },
  {
    "name": "Miscsanity",
    "type": "progressive",
    "allow_disabled": false,
    "loop": true,
    "stages": [
      {
        "img": "images/misc_no.png",
        "codes": "misc_no,miscsanity"
      },
      {
        "img": "images/misc_yes.png",
        "codes": "misc_yes,miscsanity",
        "inherit_codes": false
      }
]
  },
  {
    "name": "Fairysanity",
    "type": "progressive",
    "allow_disabled": false,
    "loop": true,
    "stages": [
      {
        "img": "images/fairy_no.png",
        "codes": "fairy_no,fairysanity"
      },
      {
        "img": "images/fairy_yes.png",
        "codes": "fairy_yes,fairysanity",
        "inherit_codes": false
      }
]
  },
  {
    "name": "Tokensanity",
    "type": "progressive",
    "allow_disabled": false,
    "loop": true,
    "stages": [
      {
        "img": "images/token_no.png",
        "codes": "token_no,tokensanity"
      },
      {
        "img": "images/token_yes.png",
        "codes": "token_yes,tokensanity",
        "inherit_codes": false
      }
]
  },
  {
    "name": "Moonsanity",
    "type": "progressive",
    "allow_disabled": false,
    "loop": true,
    "stages": [
      {
        "img": "images/moon_no.png",
        "codes": "moon_no,moonsanity"
      },
      {
        "img": "images/moon_yes.png",
        "codes": "moon_yes,moonsanity",
        "inherit_codes": false
      }
]
  },
  {
    "name": "Nutsanity",
    "type": "progressive",
    "allow_disabled": false,
    "loop": true,
    "stages": [
      {
        "img": "images/nut_no.png",
        "codes": "nut_no,nutsanity"
      },
      {
        "img": "images/nut_yes.png",
        "codes": "nut_yes,nutsanity",
        "inherit_codes": false
      }
]
  }
]