{
  "shared_item_grid": {
    "type": "array",
    "orientation": "vertical",
    "content": [
      {
        "type": "itemgrid",
        "h_alignment": "center",
		"item_size": 32,
		"margin": "0,0",
        "item_margin": "3,4",
        "rows": [
          [ "stick", "nut", "bow", "firearrow", "icearrow", "lightarrow", "ocarina", "shield" ],
          [ "bomb", "bombchu", "keg", "hookshot", "lens", "magic", "fairysword", "kokirisword" ],
          [ "songoftime_check", "healing_check", "epona_check", "soaring_check", "storms_check", "wallet", "bottle1", "box" ],
          [ "sonata_check", "lullaby_check", "bossanova_check", "elegy_check", "oath_check", "beans", "bottle2", "moontear" ],
          [ "postman", "allnight", "blast", "stone", "fairymask", "deku", "bottle3", "deed1" ],
          [ "keaton", "bremen", "bunny", "dongero", "scents", "goron", "bottle4", "deed2" ],
          [ "romanimask", "troupe", "kafeimask", "couple", "mot", "zora", "bottle5", "deed3" ],
          [ "kamaro", "gibdo", "garo", "captain", "giant", "fiercedeity", "bottle6", "deed4" ]
        ]
      },
	  {
        "type": "array",
        "orientation": "vertical",
        "content": [
		  {
            "type": "array",
			"h_alignment": "left",
            "orientation": "horizontal",
            "margin": "0,0",
            "content": [
				{
					"type": "array",
					"orientation": "horizontal",
					"h_alignment": "right",
					"margin": "3,4",
					"content": [
					  {
						"type": "item",
						"item": "clocktown_strayfairy",
						"margin": "3,4",
						"width": 32,
						"height": 32
					  },
					  {
					"type": "item",
				"item": "bomber",
				"margin": "3,4",
			   "width": 32,
			  "height": 32
				},
				{
					"type": "item",
					"item": "bomber1",
					"margin": "3,4",
				   "width": 12,
				  "height": 16
				},
				{"type": "item",
				"item": "bomber2",
				"margin":"3,4",
				"width": 12,
				"height": 16
		  },
		  {
			"type": "item",
			"item": "bomber3",
			"margin": "3,4",
		   "width": 12,
		  "height": 16
		},
		{"type": "item",
		"item": "bomber4",
		"margin":"3,4",
		"width": 12,
		"height": 16
		},
		{"type": "item",
			"item": "bomber5",
			"margin":"3,4",
			"width": 12,
			"height": 16
			},
		{"type": "item",
			"item": "letter",
			"margin":"3,4",
			"width": 32,
			"height": 32
			},
			{"type": "item",
				"item": "pendant",
				"margin":"3,4",
				"width": 32,
				"height": 32
				},
				{"type": "item",
					"item": "deliverytomama",
					"margin":"3,4",
					"width": 32,
					"height": 32
					},
					{"type": "item",
						"item": "roomkey",
						"margin":"3,4",
						"width": 32,
						"height": 32
						},

				]
			

			
		},
			]
		  },
		  {
			  "type": "array",
			  "orientation": "horizontal",
			  "margin": "3,4",
			  "content": [
				  {
					  "type": "item",
					  "item": "skulltulla_woodfall",
					  "margin": "3,4",
					 "width": 32,
					"height": 32
				},
				{
					"type": "item",
				"item": "skulltulla_greatbay",
				"margin": "3,4",
			   "width": 32,
			  "height": 32
				},
				{
					"type": "item",
					"item": "redpotionlocated",
					"margin": "3,4",
				   "width": 32,
				  "height": 32,
				},
				{"type": "item",
				"item": "bluepotionlocated",
				"margin":"3,4",
				"width": 32,
				"height": 32
		  },
		  {"type": "item",
			"item": "milklocated",
			"margin":"3,4",
			"width": 32,
			"height": 32
	  },
	  {"type": "item",
		"item": "seahorselocated",
		"margin":"3,4",
		"width": 32,
		"height": 32
  },
  {"type": "item",
	"item": "dustlocated",
	"margin":"3,4",
	"width": 32,
	"height": 32
},
{"type": "item",
	"item": "chateaulocated",
	"margin":"3,4",
	"width": 32,
	"height": 32
}


				]
			

			
		},
          {
            "type": "array",
            "orientation": "horizontal",
            "margin": "0,0",
            "content": [
              {
                "type": "item",
                "item": "woodfall",
                "margin": "3,4",
                "width": 32,
                "height": 32
              },
			  {
				"type": "item",
				"item": "woodfall_stray_fairies",
                "margin": "3,4",
				"width": 32,
				"height": 32
			  },
              {
                "type": "item",
                "item": "snowhead",
                "margin": "3,4",
                "width": 32,
                "height": 32
              },
			  {
				"type": "item",
				"item": "snowhead_stray_fairies",
                "margin": "3,4",
				"width": 32,
				"height": 32
			  },
              {
                "type": "item",
                "item": "greatbay",
                "margin": "3,4",
                "width": 32,
                "height": 32
              },
			  {
				"type": "item",
				"item": "greatbay_stray_fairies",
                "margin": "3,4",
				"width": 32,
				"height": 32
			  },
              {
                "type": "item",
                "item": "stonetower",
                "margin": "3,4",
                "width": 32,
                "height": 32
              },
			  {
				"type": "item",
				"item": "stonetower_stray_fairies",
                "margin": "3,4",
				"width": 32,
				"height": 32
			  }
            ]
          },
          {
            "type": "array",
            "orientation": "horizontal",
            "margin": "0,0",
            "content": [
				{
					"type": "array",
					"orientation": "horizontal",
					"margin": "5,0",
					"content": [
					  {
						"type": "item",
						"item": "woodfall_boss_key",
						"margin": "0,2",
						"width": 16,
						"height": 16
					  },
					  {
						"type": "item",
						"item": "woodfall_label",
						"margin": "0,2",
						"width": 32,
						"height": 12
					  },
					  {
						"type": "item",
						"item": "woodfall_small_keys",
						"margin": "1,2",
						"width": 16,
						"height": 16
					  }
					]
				},
				{
					"type": "array",
					"orientation": "horizontal",
					"margin": "5,0",
					"content": [
					  {
						"type": "item",
						"item": "snowhead_boss_key",
						"margin": "0,2",
						"width": 16,
						"height": 16
					  },
					  {
						"type": "item",
						"item": "snowhead_label",
						"margin": "0,2",
						"width": 32,
						"height": 12
					  },
					  {
						"type": "item",
						"item": "snowhead_small_keys",
						"margin": "1,2",
						"width": 16,
						"height": 16
					  }
					]
				},
				{
					"type": "array",
					"orientation": "horizontal",
					"margin": "5,0",
					"content": [
					  {
						"type": "item",
						"item": "greatbay_boss_key",
						"margin": "0,2",
						"width": 16,
						"height": 16
					  },
					  {
						"type": "item",
						"item": "greatbay_label",
						"margin": "0,2",
						"width": 32,
						"height": 12
					  },
					  {
						"type": "item",
						"item": "greatbay_small_keys",
						"margin": "1,2",
						"width": 16,
						"height": 16
					  }
					]
				},
				{
					"type": "array",
					"orientation": "horizontal",
					"margin": "5,0",
					"content": [
					  {
						"type": "item",
						"item": "stonetower_boss_key",
						"margin": "0,2",
						"width": 16,
						"height": 16
					  },
					  {
						"type": "item",
						"item": "stonetower_label",
						"margin": "0,2",
						"width": 32,
						"height": 12
					  },
					  {
						"type": "item",
						"item": "stonetower_small_keys",
						"margin": "1,2",
						"width": 16,
						"height": 16
					  }
					]
				}
            ]
          }
        ]
      }
    ]
  },
"settings_grid": {
"type": "array",
"margin": "3,4",
"content": [
	{
		"type": "group",
		"header": "Tricks (Hover over each for explanations!)",
		"content": [
			{
				"type": "item",
				"item": "swamptree"
			},
			
			{
				"type": "item",
				"margin": "0,20, 0, 0",
				"item": "babahive"
			},
			{
				"type": "item",
				"margin": "0,40, 0, 0",
				"item": "guardskip"
			},
			{
				"type": "item",
				"margin": "0,60, 0, 0",
				"item": "bowlessaliens"
			},
			{
				"type": "item",
				"margin": "0,80, 0, 0",
				"item": "oshbf"
			},
			{
				"type": "item",
				"margin": "0,100, 0, 0",
				"item": "ostt"
			},
			{
				"type": "item",
				"margin": "0,120, 0, 0",
				"item": "bomberback"
			},
			{
				"type": "item",
				"margin": "0,140, 0, 0",
				"item": "closecows"
			},
			{
				"type": "item",
				"margin": "0,160, 0, 0",
				"item": "dekuskip"
			},
			{
				"type": "item",
				"margin": "0,180, 0, 0",
				"item": "beanskip"
			},
			{
				"type": "item",
				"margin": "0,200, 0, 0",
				"item": "stickfighting"
			},
			{
				"type": "item",
				"margin": "0,220, 0, 0",
				"item": "racenomask"
			},
			{
				"type": "item",
				"margin": "0,240, 0, 0",
				"item": "oshbw"
			},
			{
				"type": "item",
				"margin": "0,260, 0, 0",
				"item": "gainer"
			},
			{
				"type": "item",
				"margin": "0,280, 0, 0",
				"item": "gbtfa"
			},
			{
				"type": "item",
				"margin": "0,300, 0, 0",
				"item": "gbtbkfl"
			},
			{
				"type": "item",
				"margin": "0,320, 0, 0",
				"item": "gbtia"
			},
			{
				"type": "item",
				"margin": "0,340, 0, 0",
				"item": "gbtbkil"
			},
			{
				"type": "item",
				"margin": "0,360, 0, 0",
				"item": "goronfence"
			},
			{
				"type": "item",
				"margin": "0,380, 0, 0",
				"item": "goronledge"
			},
			{
				"type": "item",
				"margin": "0,400, 0, 0",
				"item": "bombernothing"
			},
			{
				"type": "item",
				"margin": "0,420, 0, 0",
				"item": "switchwalls"
			},
			{
				"type": "item",
				"margin": "0,440, 0, 0",
				"item": "icelesscanyon"
			},
			{
				"type": "item",
				"margin": "0,460, 0, 0",
				"item": "ikanaceiling"
			},
			{
				"type": "item",
				"margin": "0,480, 0, 0",
				"item": "balconyzora"
			},
			{
				"type": "item",
				"margin": "0,500, 0, 0",
				"item": "isttbkearly"
			},
			{
				"type": "item",
				"margin": "0,520, 0, 0",
				"item": "istteyehook"
			},
			{
				"type": "item",
				"margin": "0,540, 0, 0",
				"item": "isttuphuman"
			},
			{
				"type": "item",
				"margin": "0,560, 0, 0",
				"item": "geometryjump"
			},
			{
				"type": "item",
				"margin": "0,580, 0, 0",
				"item": "towntinglejump"
			},
			{
				"type": "item",
				"margin": "0,600, 0, 0",
				"item": "shrineocto"
			},
			{
				"type": "item",
				"margin": "0,620, 0, 0",
				"item": "lens_chests"
			},
			{
				"type": "item",
				"margin": "0,640, 0, 0",
				"item": "lens_climb"
			},
			{
				"type": "item",
				"margin": "0,660, 0, 0",
				"item": "lens_jump"
			},
			{
				"type": "item",
				"margin": "0,680, 0, 0",
				"item": "lens_walk"
			},
			{
				"type": "item",
				"margin": "0,700, 0, 0",
				"item": "lens_walls"
			},
			{
				"type": "item",
				"margin": "0,720, 0, 0",
				"item": "longjump"
			},
			{
				"type": "item",
				"margin": "0,740, 0, 0",
				"item": "lullabyskip"
			},
			{
				"type": "item",
				"margin": "0,760, 0, 0",
				"item": "oshfl"
			},
			{
				"type": "item",
				"margin": "580,0, 0, 0",
				"item": "oshstorage"
			},
			{
				"type": "item",
				"margin": "580,20, 0, 0",
				"item": "snowheadmagic"
			},
			{
				"type": "item",
				"margin": "580,40, 0, 0",
				"item": "pfguard"
			},
			{
				"type": "item",
				"margin": "580,60, 0, 0",
				"item": "pinnaclehorse"
			},
			{
				"type": "item",
				"margin": "580,80, 0, 0",
				"item": "poisongoron"
			},
			{
				"type": "item",
				"margin": "580,100, 0, 0",
				"item": "poisonzora"
			},
			{
				"type": "item",
				"margin": "580,120, 0, 0",
				"item": "postmanhood"
			},
			{
				"type": "item",
				"margin": "580,140, 0, 0",
				"item": "queststorage"
			},
			{
				"type": "item",
				"margin": "580,160, 0, 0",
				"item": "scarecrow"
			},
			{
				"type": "item",
				"margin": "580,180, 0, 0",
				"item": "twinbow"
			},
			{
				"type": "item",
				"margin": "580,200, 0, 0",
				"item": "shtfairy"
			},
			{
				"type": "item",
				"margin": "580,220, 0, 0",
				"item": "pillarskip"
			},
			{
				"type": "item",
				"margin": "580,240, 0, 0",
				"item": "shtzora"
			},
			{
				"type": "item",
				"margin": "580,260, 0, 0",
				"item": "stice"
			},
			{
				"type": "item",
				"margin": "580,280, 0, 0",
				"item": "keetabomb"
			},
			{
				"type": "item",
				"margin": "580,300, 0, 0",
				"item": "zoraswim"
			},
			{
				"type": "item",
				"margin": "580,320, 0, 0",
				"item": "damage"
			},
			{
				"type": "item",
				"margin": "580,340, 0, 0",
				"item": "nostump"
			},
			{
				"type": "item",
				"margin": "580,360, 0, 0",
				"item": "wft2f"
			},
			{
				"type": "item",
				"margin": "580,380, 0, 0",
				"item": "zoraledge"
			}
			
		]
	}
]
},


  
  "tracker_capture_item": {
		"type": "container",
		"content": {
			"type": "itemgrid",
			"dropshadow": true,
			"h_alignment": "center",
			"item_margin": "3,4",
			"rows": [
				[
		 		 "sticks",  
			   	"kokirisword_static",
				  "razorsword",
				  "gildedsword",
				  "fairysword",
				  "postmanhat",
				  "allnightmask"
				],
				[
				  "hookshot",
				  "bownoammo",
				  "firearrows",
				  "icearrows",
				  "lightarrows",
				  "blastmask",
				  "stonemask"
				],
				[
				  "bombsnoammo",
				  "bombchus",
				  "keg",
				  "lens",
				  "magic",
				  "greatfairymask",
				  "keatonmask"
				],
				[
				  "golddust_static",
				  "redpotion_static",
				  "bluepotion_static",
				  "seahorse_static",
				  "chateau_static",
				  "bremenmask",
				  "bunnyhood"
				],
				[
				  "moontear",
				  "deed1",
				  "deed2",
				  "deed3",
				  "deed4",
				  "dongero",
				  "scents"
				],
				[
					"clocktown_stray_fairy",
					"woodfall_stray_fairies",
					"snowhead_stray_fairies",
					"greatbay_stray_fairies",
					"stonetower_stray_fairies",
					"romanimask",
					"troupe"
				  ],
				  [
					"bomber",
					"roomkey",
					"letter",
					"pendant",
					"delivery",
					"kafeimask",
					"couplemask"
				  ],
				  [
					"woodfall_small_keys_static",
					"snowhead_small_keys_static",
					"greatbay_small_keys_static",
					"stonetower_small_keys_static",
					"skulltulla_woodfall",
					"maskoftruth",
					"kamaro"
				  ],
				  [
					"woodfall_boss_key_static",
					"snowhead_boss_key_static",
					"greatbay_boss_key_static",
					"stonetower_boss_key_static",
					"skulltulla_greatbay",
					"gibdo",
					"garo"
				  ],
				  [
				  "songoftime",
				  "songofhealing",
				  "eponasong",
				  "soaring",
				  "songofstorms",
				  "captainshat",
				  "giantsmask"
				],
				[
					"sonata",
					"lullaby",
					"bossanova",
					"elegy",
					"oath",
					"deku",
					"goron"
				  ],
				  [
					"adultwallet_static",
					"giantwallet_static",
					"bean",
					"pictobox",
					"milklocated",
					"zora",
					"fiercedeity"
				  ]
				
				
			]
		}
  }
}
